%Warning-DECLFILENAME: ../testbench/difftest.v:67:3: Filename 'difftest' does not match MODULE name: 'DifftestInstrCommit'
   67 |   DifftestInstrCommit(
      |   ^~~~~~~~~~~~~~~~~~~
                       ... For warning description see https://verilator.org/warn/DECLFILENAME?v=5.044
                       ... Use "/* verilator lint_off DECLFILENAME */" and lint_on around source to disable this message.
%Warning-DECLFILENAME: /nfs/home/wanghao/nscscc2026ByCQUPT/chiplab/IP/myCPU/mycpu_top.v:1:8: Filename 'mycpu_top' does not match MODULE name: 'AXI3Crossbar4to1'
    1 | module AXI3Crossbar4to1(
      |        ^~~~~~~~~~~~~~~~
%Warning-DECLFILENAME: /nfs/home/wanghao/nscscc2026ByCQUPT/chiplab/IP/CONFREG/confreg_sim.v:104:8: Filename 'confreg_sim' does not match MODULE name: 'confreg'
  104 | module confreg
      |        ^~~~~~~
%Warning-DECLFILENAME: /nfs/home/wanghao/nscscc2026ByCQUPT/chiplab/IP/AMBA/axi2apb.v:36:8: Filename 'axi2apb' does not match MODULE name: 'axi2apb_bridge'
   36 | module axi2apb_bridge(
      |        ^~~~~~~~~~~~~~
%Warning-DECLFILENAME: /nfs/home/wanghao/nscscc2026ByCQUPT/chiplab/IP/AMBA/axi_mux_sim.v:37:8: Filename 'axi_mux_sim' does not match MODULE name: 'axi_slave_mux'
   37 | module axi_slave_mux(
      |        ^~~~~~~~~~~~~
%Warning-DECLFILENAME: /nfs/home/wanghao/nscscc2026ByCQUPT/chiplab/IP/APB_DEV/apb_dev_top_no_nand.v:36:8: Filename 'apb_dev_top_no_nand' does not match MODULE name: 'axi2apb_misc'
   36 | module axi2apb_misc
      |        ^~~~~~~~~~~~
%Warning-PINCONNECTEMPTY: /nfs/home/wanghao/nscscc2026ByCQUPT/chiplab/IP/APB_DEV/apb_dev_top_no_nand.v:319:2: Instance pin connected by name with empty reference: 'apb1_req'
  319 | .apb1_req           (                   ),
      |  ^~~~~~~~
                          ... For warning description see https://verilator.org/warn/PINCONNECTEMPTY?v=5.044
                          ... Use "/* verilator lint_off PINCONNECTEMPTY */" and lint_on around source to disable this message.
%Warning-PINCONNECTEMPTY: /nfs/home/wanghao/nscscc2026ByCQUPT/chiplab/IP/APB_DEV/apb_dev_top_no_nand.v:321:2: Instance pin connected by name with empty reference: 'apb1_rw'
  321 | .apb1_rw            (                   ),
      |  ^~~~~~~
%Warning-PINCONNECTEMPTY: /nfs/home/wanghao/nscscc2026ByCQUPT/chiplab/IP/APB_DEV/apb_dev_top_no_nand.v:322:2: Instance pin connected by name with empty reference: 'apb1_enab'
  322 | .apb1_enab          (                   ),
      |  ^~~~~~~~~
%Warning-PINCONNECTEMPTY: /nfs/home/wanghao/nscscc2026ByCQUPT/chiplab/IP/APB_DEV/apb_dev_top_no_nand.v:323:2: Instance pin connected by name with empty reference: 'apb1_psel'
  323 | .apb1_psel          (                   ),
      |  ^~~~~~~~~
%Warning-PINCONNECTEMPTY: /nfs/home/wanghao/nscscc2026ByCQUPT/chiplab/IP/APB_DEV/apb_dev_top_no_nand.v:324:2: Instance pin connected by name with empty reference: 'apb1_addr'
  324 | .apb1_addr          (                   ),
      |  ^~~~~~~~~
%Warning-PINCONNECTEMPTY: /nfs/home/wanghao/nscscc2026ByCQUPT/chiplab/IP/APB_DEV/apb_dev_top_no_nand.v:325:2: Instance pin connected by name with empty reference: 'apb1_datai'
  325 | .apb1_datai         (                   ),
      |  ^~~~~~~~~~
%Warning-DECLFILENAME: /nfs/home/wanghao/nscscc2026ByCQUPT/chiplab/IP/APB_DEV/apb_mux2.v:185:8: Filename 'apb_mux2' does not match MODULE name: 'arb_2_1'
  185 | module arb_2_1( clk, rst_n,  valid0, valid1, dma_grant);
      |        ^~~~~~~
%Warning-DECLFILENAME: /nfs/home/wanghao/nscscc2026ByCQUPT/chiplab/IP/APB_DEV/URT/uart_top.v:36:8: Filename 'uart_top' does not match MODULE name: 'UART_TOP'
   36 | module UART_TOP(
      |        ^~~~~~~~
%Warning-DECLFILENAME: /nfs/home/wanghao/nscscc2026ByCQUPT/chiplab/IP/APB_DEV/NAND/nand.v:34:8: Filename 'nand' does not match MODULE name: 'NAND_top'
   34 | module NAND_top(
      |        ^~~~~~~~
%Warning-PINCONNECTEMPTY: /nfs/home/wanghao/nscscc2026ByCQUPT/chiplab/chip/soc_demo/sim/soc_top.v:386:6: Instance pin connected by name with empty reference: 'ws_valid'
  386 |     .ws_valid          (                  ),
      |      ^~~~~~~~
                          ../testbench/simu_top.v:92:1: ... note: In file included from 'simu_top.v'
%Warning-PINCONNECTEMPTY: /nfs/home/wanghao/nscscc2026ByCQUPT/chiplab/chip/soc_demo/sim/soc_top.v:387:6: Instance pin connected by name with empty reference: 'rf_rdata'
  387 |     .rf_rdata          (                  )
      |      ^~~~~~~~
                          ../testbench/simu_top.v:92:1: ... note: In file included from 'simu_top.v'
%Warning-PINMISSING: /nfs/home/wanghao/nscscc2026ByCQUPT/chiplab/chip/soc_demo/sim/soc_top.v:340:10: Instance has missing pin: 'debug0_wb_inst'
  340 | core_top cpu
      |          ^~~
                     ../testbench/simu_top.v:92:1: ... note: In file included from 'simu_top.v'
                     /nfs/home/wanghao/nscscc2026ByCQUPT/chiplab/IP/myCPU/mycpu_top.v:1051:17: ... Location of port declaration
 1051 |   output [31:0] debug0_wb_inst  
      |                 ^~~~~~~~~~~~~~
                     ... For warning description see https://verilator.org/warn/PINMISSING?v=5.044
                     ... Use "/* verilator lint_off PINMISSING */" and lint_on around source to disable this message.
%Warning-PINCONNECTEMPTY: /nfs/home/wanghao/nscscc2026ByCQUPT/chiplab/chip/soc_demo/sim/soc_top.v:572:2: Instance pin connected by name with empty reference: 's1_awid'
  572 | .s1_awid           (                    ),
      |  ^~~~~~~
                          ../testbench/simu_top.v:92:1: ... note: In file included from 'simu_top.v'
%Warning-PINCONNECTEMPTY: /nfs/home/wanghao/nscscc2026ByCQUPT/chiplab/chip/soc_demo/sim/soc_top.v:573:2: Instance pin connected by name with empty reference: 's1_awaddr'
  573 | .s1_awaddr         (                    ),
      |  ^~~~~~~~~
                          ../testbench/simu_top.v:92:1: ... note: In file included from 'simu_top.v'
%Warning-PINCONNECTEMPTY: /nfs/home/wanghao/nscscc2026ByCQUPT/chiplab/chip/soc_demo/sim/soc_top.v:574:2: Instance pin connected by name with empty reference: 's1_awlen'
  574 | .s1_awlen          (                    ),
      |  ^~~~~~~~
                          ../testbench/simu_top.v:92:1: ... note: In file included from 'simu_top.v'
%Warning-PINCONNECTEMPTY: /nfs/home/wanghao/nscscc2026ByCQUPT/chiplab/chip/soc_demo/sim/soc_top.v:575:2: Instance pin connected by name with empty reference: 's1_awsize'
  575 | .s1_awsize         (                    ),
      |  ^~~~~~~~~
                          ../testbench/simu_top.v:92:1: ... note: In file included from 'simu_top.v'
%Warning-PINCONNECTEMPTY: /nfs/home/wanghao/nscscc2026ByCQUPT/chiplab/chip/soc_demo/sim/soc_top.v:576:2: Instance pin connected by name with empty reference: 's1_awburst'
  576 | .s1_awburst        (                    ),
      |  ^~~~~~~~~~
                          ../testbench/simu_top.v:92:1: ... note: In file included from 'simu_top.v'
%Warning-PINCONNECTEMPTY: /nfs/home/wanghao/nscscc2026ByCQUPT/chiplab/chip/soc_demo/sim/soc_top.v:577:2: Instance pin connected by name with empty reference: 's1_awlock'
  577 | .s1_awlock         (                    ),
      |  ^~~~~~~~~
                          ../testbench/simu_top.v:92:1: ... note: In file included from 'simu_top.v'
%Warning-PINCONNECTEMPTY: /nfs/home/wanghao/nscscc2026ByCQUPT/chiplab/chip/soc_demo/sim/soc_top.v:578:2: Instance pin connected by name with empty reference: 's1_awcache'
  578 | .s1_awcache        (                    ),
      |  ^~~~~~~~~~
                          ../testbench/simu_top.v:92:1: ... note: In file included from 'simu_top.v'
%Warning-PINCONNECTEMPTY: /nfs/home/wanghao/nscscc2026ByCQUPT/chiplab/chip/soc_demo/sim/soc_top.v:579:2: Instance pin connected by name with empty reference: 's1_awprot'
  579 | .s1_awprot         (                    ),
      |  ^~~~~~~~~
                          ../testbench/simu_top.v:92:1: ... note: In file included from 'simu_top.v'
%Warning-PINCONNECTEMPTY: /nfs/home/wanghao/nscscc2026ByCQUPT/chiplab/chip/soc_demo/sim/soc_top.v:580:2: Instance pin connected by name with empty reference: 's1_awvalid'
  580 | .s1_awvalid        (                    ),
      |  ^~~~~~~~~~
                          ../testbench/simu_top.v:92:1: ... note: In file included from 'simu_top.v'
%Warning-PINCONNECTEMPTY: /nfs/home/wanghao/nscscc2026ByCQUPT/chiplab/chip/soc_demo/sim/soc_top.v:582:2: Instance pin connected by name with empty reference: 's1_wid'
  582 | .s1_wid            (                    ),
      |  ^~~~~~
                          ../testbench/simu_top.v:92:1: ... note: In file included from 'simu_top.v'
%Warning-PINCONNECTEMPTY: /nfs/home/wanghao/nscscc2026ByCQUPT/chiplab/chip/soc_demo/sim/soc_top.v:583:2: Instance pin connected by name with empty reference: 's1_wdata'
  583 | .s1_wdata          (                    ),
      |  ^~~~~~~~
                          ../testbench/simu_top.v:92:1: ... note: In file included from 'simu_top.v'
%Warning-PINCONNECTEMPTY: /nfs/home/wanghao/nscscc2026ByCQUPT/chiplab/chip/soc_demo/sim/soc_top.v:584:2: Instance pin connected by name with empty reference: 's1_wstrb'
  584 | .s1_wstrb          (                    ),
      |  ^~~~~~~~
                          ../testbench/simu_top.v:92:1: ... note: In file included from 'simu_top.v'
%Warning-PINCONNECTEMPTY: /nfs/home/wanghao/nscscc2026ByCQUPT/chiplab/chip/soc_demo/sim/soc_top.v:585:2: Instance pin connected by name with empty reference: 's1_wlast'
  585 | .s1_wlast          (                    ),
      |  ^~~~~~~~
                          ../testbench/simu_top.v:92:1: ... note: In file included from 'simu_top.v'
%Warning-PINCONNECTEMPTY: /nfs/home/wanghao/nscscc2026ByCQUPT/chiplab/chip/soc_demo/sim/soc_top.v:586:2: Instance pin connected by name with empty reference: 's1_wvalid'
  586 | .s1_wvalid         (                    ),
      |  ^~~~~~~~~
                          ../testbench/simu_top.v:92:1: ... note: In file included from 'simu_top.v'
%Warning-PINCONNECTEMPTY: /nfs/home/wanghao/nscscc2026ByCQUPT/chiplab/chip/soc_demo/sim/soc_top.v:588:2: Instance pin connected by name with empty reference: 's1_bid'
  588 | .s1_bid            (                    ),
      |  ^~~~~~
                          ../testbench/simu_top.v:92:1: ... note: In file included from 'simu_top.v'
%Warning-PINCONNECTEMPTY: /nfs/home/wanghao/nscscc2026ByCQUPT/chiplab/chip/soc_demo/sim/soc_top.v:589:2: Instance pin connected by name with empty reference: 's1_bresp'
  589 | .s1_bresp          (                    ),
      |  ^~~~~~~~
                          ../testbench/simu_top.v:92:1: ... note: In file included from 'simu_top.v'
%Warning-PINCONNECTEMPTY: /nfs/home/wanghao/nscscc2026ByCQUPT/chiplab/chip/soc_demo/sim/soc_top.v:591:2: Instance pin connected by name with empty reference: 's1_bready'
  591 | .s1_bready         (                    ),
      |  ^~~~~~~~~
                          ../testbench/simu_top.v:92:1: ... note: In file included from 'simu_top.v'
%Warning-PINCONNECTEMPTY: /nfs/home/wanghao/nscscc2026ByCQUPT/chiplab/chip/soc_demo/sim/soc_top.v:592:2: Instance pin connected by name with empty reference: 's1_arid'
  592 | .s1_arid           (                    ),
      |  ^~~~~~~
                          ../testbench/simu_top.v:92:1: ... note: In file included from 'simu_top.v'
%Warning-PINCONNECTEMPTY: /nfs/home/wanghao/nscscc2026ByCQUPT/chiplab/chip/soc_demo/sim/soc_top.v:593:2: Instance pin connected by name with empty reference: 's1_araddr'
  593 | .s1_araddr         (                    ),
      |  ^~~~~~~~~
                          ../testbench/simu_top.v:92:1: ... note: In file included from 'simu_top.v'
%Warning-PINCONNECTEMPTY: /nfs/home/wanghao/nscscc2026ByCQUPT/chiplab/chip/soc_demo/sim/soc_top.v:594:2: Instance pin connected by name with empty reference: 's1_arlen'
  594 | .s1_arlen          (                    ),
      |  ^~~~~~~~
                          ../testbench/simu_top.v:92:1: ... note: In file included from 'simu_top.v'
%Warning-PINCONNECTEMPTY: /nfs/home/wanghao/nscscc2026ByCQUPT/chiplab/chip/soc_demo/sim/soc_top.v:595:2: Instance pin connected by name with empty reference: 's1_arsize'
  595 | .s1_arsize         (                    ),
      |  ^~~~~~~~~
                          ../testbench/simu_top.v:92:1: ... note: In file included from 'simu_top.v'
%Warning-PINCONNECTEMPTY: /nfs/home/wanghao/nscscc2026ByCQUPT/chiplab/chip/soc_demo/sim/soc_top.v:596:2: Instance pin connected by name with empty reference: 's1_arburst'
  596 | .s1_arburst        (                    ),
      |  ^~~~~~~~~~
                          ../testbench/simu_top.v:92:1: ... note: In file included from 'simu_top.v'
%Warning-PINCONNECTEMPTY: /nfs/home/wanghao/nscscc2026ByCQUPT/chiplab/chip/soc_demo/sim/soc_top.v:597:2: Instance pin connected by name with empty reference: 's1_arlock'
  597 | .s1_arlock         (                    ),
      |  ^~~~~~~~~
                          ../testbench/simu_top.v:92:1: ... note: In file included from 'simu_top.v'
%Warning-PINCONNECTEMPTY: /nfs/home/wanghao/nscscc2026ByCQUPT/chiplab/chip/soc_demo/sim/soc_top.v:598:2: Instance pin connected by name with empty reference: 's1_arcache'
  598 | .s1_arcache        (                    ),
      |  ^~~~~~~~~~
                          ../testbench/simu_top.v:92:1: ... note: In file included from 'simu_top.v'
%Warning-PINCONNECTEMPTY: /nfs/home/wanghao/nscscc2026ByCQUPT/chiplab/chip/soc_demo/sim/soc_top.v:599:2: Instance pin connected by name with empty reference: 's1_arprot'
  599 | .s1_arprot         (                    ),
      |  ^~~~~~~~~
                          ../testbench/simu_top.v:92:1: ... note: In file included from 'simu_top.v'
%Warning-PINCONNECTEMPTY: /nfs/home/wanghao/nscscc2026ByCQUPT/chiplab/chip/soc_demo/sim/soc_top.v:600:2: Instance pin connected by name with empty reference: 's1_arvalid'
  600 | .s1_arvalid        (                    ),
      |  ^~~~~~~~~~
                          ../testbench/simu_top.v:92:1: ... note: In file included from 'simu_top.v'
%Warning-PINCONNECTEMPTY: /nfs/home/wanghao/nscscc2026ByCQUPT/chiplab/chip/soc_demo/sim/soc_top.v:602:2: Instance pin connected by name with empty reference: 's1_rid'
  602 | .s1_rid            (                    ),
      |  ^~~~~~
                          ../testbench/simu_top.v:92:1: ... note: In file included from 'simu_top.v'
%Warning-PINCONNECTEMPTY: /nfs/home/wanghao/nscscc2026ByCQUPT/chiplab/chip/soc_demo/sim/soc_top.v:603:2: Instance pin connected by name with empty reference: 's1_rdata'
  603 | .s1_rdata          (                    ),
      |  ^~~~~~~~
                          ../testbench/simu_top.v:92:1: ... note: In file included from 'simu_top.v'
%Warning-PINCONNECTEMPTY: /nfs/home/wanghao/nscscc2026ByCQUPT/chiplab/chip/soc_demo/sim/soc_top.v:604:2: Instance pin connected by name with empty reference: 's1_rresp'
  604 | .s1_rresp          (                    ),
      |  ^~~~~~~~
                          ../testbench/simu_top.v:92:1: ... note: In file included from 'simu_top.v'
%Warning-PINCONNECTEMPTY: /nfs/home/wanghao/nscscc2026ByCQUPT/chiplab/chip/soc_demo/sim/soc_top.v:605:2: Instance pin connected by name with empty reference: 's1_rlast'
  605 | .s1_rlast          (                    ),
      |  ^~~~~~~~
                          ../testbench/simu_top.v:92:1: ... note: In file included from 'simu_top.v'
%Warning-PINCONNECTEMPTY: /nfs/home/wanghao/nscscc2026ByCQUPT/chiplab/chip/soc_demo/sim/soc_top.v:607:2: Instance pin connected by name with empty reference: 's1_rready'
  607 | .s1_rready         (                    ),
      |  ^~~~~~~~~
                          ../testbench/simu_top.v:92:1: ... note: In file included from 'simu_top.v'
%Warning-PINCONNECTEMPTY: /nfs/home/wanghao/nscscc2026ByCQUPT/chiplab/chip/soc_demo/sim/soc_top.v:685:2: Instance pin connected by name with empty reference: 's4_awid'
  685 | .s4_awid           (                    ),
      |  ^~~~~~~
                          ../testbench/simu_top.v:92:1: ... note: In file included from 'simu_top.v'
%Warning-PINCONNECTEMPTY: /nfs/home/wanghao/nscscc2026ByCQUPT/chiplab/chip/soc_demo/sim/soc_top.v:686:2: Instance pin connected by name with empty reference: 's4_awaddr'
  686 | .s4_awaddr         (                    ),
      |  ^~~~~~~~~
                          ../testbench/simu_top.v:92:1: ... note: In file included from 'simu_top.v'
%Warning-PINCONNECTEMPTY: /nfs/home/wanghao/nscscc2026ByCQUPT/chiplab/chip/soc_demo/sim/soc_top.v:687:2: Instance pin connected by name with empty reference: 's4_awlen'
  687 | .s4_awlen          (                    ),
      |  ^~~~~~~~
                          ../testbench/simu_top.v:92:1: ... note: In file included from 'simu_top.v'
%Warning-PINCONNECTEMPTY: /nfs/home/wanghao/nscscc2026ByCQUPT/chiplab/chip/soc_demo/sim/soc_top.v:688:2: Instance pin connected by name with empty reference: 's4_awsize'
  688 | .s4_awsize         (                    ),
      |  ^~~~~~~~~
                          ../testbench/simu_top.v:92:1: ... note: In file included from 'simu_top.v'
%Warning-PINCONNECTEMPTY: /nfs/home/wanghao/nscscc2026ByCQUPT/chiplab/chip/soc_demo/sim/soc_top.v:689:2: Instance pin connected by name with empty reference: 's4_awburst'
  689 | .s4_awburst        (                    ),
      |  ^~~~~~~~~~
                          ../testbench/simu_top.v:92:1: ... note: In file included from 'simu_top.v'
%Warning-PINCONNECTEMPTY: /nfs/home/wanghao/nscscc2026ByCQUPT/chiplab/chip/soc_demo/sim/soc_top.v:690:2: Instance pin connected by name with empty reference: 's4_awlock'
  690 | .s4_awlock         (                    ),
      |  ^~~~~~~~~
                          ../testbench/simu_top.v:92:1: ... note: In file included from 'simu_top.v'
%Warning-PINCONNECTEMPTY: /nfs/home/wanghao/nscscc2026ByCQUPT/chiplab/chip/soc_demo/sim/soc_top.v:691:2: Instance pin connected by name with empty reference: 's4_awcache'
  691 | .s4_awcache        (                    ),
      |  ^~~~~~~~~~
                          ../testbench/simu_top.v:92:1: ... note: In file included from 'simu_top.v'
%Warning-PINCONNECTEMPTY: /nfs/home/wanghao/nscscc2026ByCQUPT/chiplab/chip/soc_demo/sim/soc_top.v:692:2: Instance pin connected by name with empty reference: 's4_awprot'
  692 | .s4_awprot         (                    ),
      |  ^~~~~~~~~
                          ../testbench/simu_top.v:92:1: ... note: In file included from 'simu_top.v'
%Warning-PINCONNECTEMPTY: /nfs/home/wanghao/nscscc2026ByCQUPT/chiplab/chip/soc_demo/sim/soc_top.v:693:2: Instance pin connected by name with empty reference: 's4_awvalid'
  693 | .s4_awvalid        (                    ),
      |  ^~~~~~~~~~
                          ../testbench/simu_top.v:92:1: ... note: In file included from 'simu_top.v'
%Warning-PINCONNECTEMPTY: /nfs/home/wanghao/nscscc2026ByCQUPT/chiplab/chip/soc_demo/sim/soc_top.v:695:2: Instance pin connected by name with empty reference: 's4_wid'
  695 | .s4_wid            (                    ),
      |  ^~~~~~
                          ../testbench/simu_top.v:92:1: ... note: In file included from 'simu_top.v'
%Warning-PINCONNECTEMPTY: /nfs/home/wanghao/nscscc2026ByCQUPT/chiplab/chip/soc_demo/sim/soc_top.v:696:2: Instance pin connected by name with empty reference: 's4_wdata'
  696 | .s4_wdata          (                    ),
      |  ^~~~~~~~
                          ../testbench/simu_top.v:92:1: ... note: In file included from 'simu_top.v'
%Warning-PINCONNECTEMPTY: /nfs/home/wanghao/nscscc2026ByCQUPT/chiplab/chip/soc_demo/sim/soc_top.v:697:2: Instance pin connected by name with empty reference: 's4_wstrb'
  697 | .s4_wstrb          (                    ),
      |  ^~~~~~~~
                          ../testbench/simu_top.v:92:1: ... note: In file included from 'simu_top.v'
%Warning-PINCONNECTEMPTY: /nfs/home/wanghao/nscscc2026ByCQUPT/chiplab/chip/soc_demo/sim/soc_top.v:698:2: Instance pin connected by name with empty reference: 's4_wlast'
  698 | .s4_wlast          (                    ),
      |  ^~~~~~~~
                          ../testbench/simu_top.v:92:1: ... note: In file included from 'simu_top.v'
%Warning-PINCONNECTEMPTY: /nfs/home/wanghao/nscscc2026ByCQUPT/chiplab/chip/soc_demo/sim/soc_top.v:699:2: Instance pin connected by name with empty reference: 's4_wvalid'
  699 | .s4_wvalid         (                    ),
      |  ^~~~~~~~~
                          ../testbench/simu_top.v:92:1: ... note: In file included from 'simu_top.v'
%Warning-PINCONNECTEMPTY: /nfs/home/wanghao/nscscc2026ByCQUPT/chiplab/chip/soc_demo/sim/soc_top.v:701:2: Instance pin connected by name with empty reference: 's4_bid'
  701 | .s4_bid            (                    ),
      |  ^~~~~~
                          ../testbench/simu_top.v:92:1: ... note: In file included from 'simu_top.v'
%Warning-PINCONNECTEMPTY: /nfs/home/wanghao/nscscc2026ByCQUPT/chiplab/chip/soc_demo/sim/soc_top.v:702:2: Instance pin connected by name with empty reference: 's4_bresp'
  702 | .s4_bresp          (                    ),
      |  ^~~~~~~~
                          ../testbench/simu_top.v:92:1: ... note: In file included from 'simu_top.v'
%Warning-PINCONNECTEMPTY: /nfs/home/wanghao/nscscc2026ByCQUPT/chiplab/chip/soc_demo/sim/soc_top.v:704:2: Instance pin connected by name with empty reference: 's4_bready'
  704 | .s4_bready         (                    ),
      |  ^~~~~~~~~
                          ../testbench/simu_top.v:92:1: ... note: In file included from 'simu_top.v'
%Warning-PINCONNECTEMPTY: /nfs/home/wanghao/nscscc2026ByCQUPT/chiplab/chip/soc_demo/sim/soc_top.v:705:2: Instance pin connected by name with empty reference: 's4_arid'
  705 | .s4_arid           (                    ),
      |  ^~~~~~~
                          ../testbench/simu_top.v:92:1: ... note: In file included from 'simu_top.v'
%Warning-PINCONNECTEMPTY: /nfs/home/wanghao/nscscc2026ByCQUPT/chiplab/chip/soc_demo/sim/soc_top.v:706:2: Instance pin connected by name with empty reference: 's4_araddr'
  706 | .s4_araddr         (                    ),
      |  ^~~~~~~~~
                          ../testbench/simu_top.v:92:1: ... note: In file included from 'simu_top.v'
%Warning-PINCONNECTEMPTY: /nfs/home/wanghao/nscscc2026ByCQUPT/chiplab/chip/soc_demo/sim/soc_top.v:707:2: Instance pin connected by name with empty reference: 's4_arlen'
  707 | .s4_arlen          (                    ),
      |  ^~~~~~~~
                          ../testbench/simu_top.v:92:1: ... note: In file included from 'simu_top.v'
%Warning-PINCONNECTEMPTY: /nfs/home/wanghao/nscscc2026ByCQUPT/chiplab/chip/soc_demo/sim/soc_top.v:708:2: Instance pin connected by name with empty reference: 's4_arsize'
  708 | .s4_arsize         (                    ),
      |  ^~~~~~~~~
                          ../testbench/simu_top.v:92:1: ... note: In file included from 'simu_top.v'
%Warning-PINCONNECTEMPTY: /nfs/home/wanghao/nscscc2026ByCQUPT/chiplab/chip/soc_demo/sim/soc_top.v:709:2: Instance pin connected by name with empty reference: 's4_arburst'
  709 | .s4_arburst        (                    ),
      |  ^~~~~~~~~~
                          ../testbench/simu_top.v:92:1: ... note: In file included from 'simu_top.v'
%Warning-PINCONNECTEMPTY: /nfs/home/wanghao/nscscc2026ByCQUPT/chiplab/chip/soc_demo/sim/soc_top.v:710:2: Instance pin connected by name with empty reference: 's4_arlock'
  710 | .s4_arlock         (                    ),
      |  ^~~~~~~~~
                          ../testbench/simu_top.v:92:1: ... note: In file included from 'simu_top.v'
%Warning-PINCONNECTEMPTY: /nfs/home/wanghao/nscscc2026ByCQUPT/chiplab/chip/soc_demo/sim/soc_top.v:711:2: Instance pin connected by name with empty reference: 's4_arcache'
  711 | .s4_arcache        (                    ),
      |  ^~~~~~~~~~
                          ../testbench/simu_top.v:92:1: ... note: In file included from 'simu_top.v'
%Warning-PINCONNECTEMPTY: /nfs/home/wanghao/nscscc2026ByCQUPT/chiplab/chip/soc_demo/sim/soc_top.v:712:2: Instance pin connected by name with empty reference: 's4_arprot'
  712 | .s4_arprot         (                    ),
      |  ^~~~~~~~~
                          ../testbench/simu_top.v:92:1: ... note: In file included from 'simu_top.v'
%Warning-PINCONNECTEMPTY: /nfs/home/wanghao/nscscc2026ByCQUPT/chiplab/chip/soc_demo/sim/soc_top.v:713:2: Instance pin connected by name with empty reference: 's4_arvalid'
  713 | .s4_arvalid        (                    ),
      |  ^~~~~~~~~~
                          ../testbench/simu_top.v:92:1: ... note: In file included from 'simu_top.v'
%Warning-PINCONNECTEMPTY: /nfs/home/wanghao/nscscc2026ByCQUPT/chiplab/chip/soc_demo/sim/soc_top.v:715:2: Instance pin connected by name with empty reference: 's4_rid'
  715 | .s4_rid            (                    ),
      |  ^~~~~~
                          ../testbench/simu_top.v:92:1: ... note: In file included from 'simu_top.v'
%Warning-PINCONNECTEMPTY: /nfs/home/wanghao/nscscc2026ByCQUPT/chiplab/chip/soc_demo/sim/soc_top.v:716:2: Instance pin connected by name with empty reference: 's4_rdata'
  716 | .s4_rdata          (                    ),
      |  ^~~~~~~~
                          ../testbench/simu_top.v:92:1: ... note: In file included from 'simu_top.v'
%Warning-PINCONNECTEMPTY: /nfs/home/wanghao/nscscc2026ByCQUPT/chiplab/chip/soc_demo/sim/soc_top.v:717:2: Instance pin connected by name with empty reference: 's4_rresp'
  717 | .s4_rresp          (                    ),
      |  ^~~~~~~~
                          ../testbench/simu_top.v:92:1: ... note: In file included from 'simu_top.v'
%Warning-PINCONNECTEMPTY: /nfs/home/wanghao/nscscc2026ByCQUPT/chiplab/chip/soc_demo/sim/soc_top.v:718:2: Instance pin connected by name with empty reference: 's4_rlast'
  718 | .s4_rlast          (                    ),
      |  ^~~~~~~~
                          ../testbench/simu_top.v:92:1: ... note: In file included from 'simu_top.v'
%Warning-PINCONNECTEMPTY: /nfs/home/wanghao/nscscc2026ByCQUPT/chiplab/chip/soc_demo/sim/soc_top.v:720:2: Instance pin connected by name with empty reference: 's4_rready'
  720 | .s4_rready         (                    ),
      |  ^~~~~~~~~
                          ../testbench/simu_top.v:92:1: ... note: In file included from 'simu_top.v'
%Warning-PINMISSING: /nfs/home/wanghao/nscscc2026ByCQUPT/chiplab/chip/soc_demo/sim/soc_top.v:726:14: Instance has missing pin: 'apb_rw_dma'
  726 | axi2apb_misc APB_DEV 
      |              ^~~~~~~
                     ../testbench/simu_top.v:92:1: ... note: In file included from 'simu_top.v'
                     /nfs/home/wanghao/nscscc2026ByCQUPT/chiplab/IP/APB_DEV/apb_dev_top_no_nand.v:78:1: ... Location of port declaration
   78 | apb_rw_dma,
      | ^~~~~~~~~~
%Warning-PINMISSING: /nfs/home/wanghao/nscscc2026ByCQUPT/chiplab/chip/soc_demo/sim/soc_top.v:726:14: Instance has missing pin: 'apb_psel_dma'
  726 | axi2apb_misc APB_DEV 
      |              ^~~~~~~
                     ../testbench/simu_top.v:92:1: ... note: In file included from 'simu_top.v'
                     /nfs/home/wanghao/nscscc2026ByCQUPT/chiplab/IP/APB_DEV/apb_dev_top_no_nand.v:79:1: ... Location of port declaration
   79 | apb_psel_dma,
      | ^~~~~~~~~~~~
%Warning-PINMISSING: /nfs/home/wanghao/nscscc2026ByCQUPT/chiplab/chip/soc_demo/sim/soc_top.v:726:14: Instance has missing pin: 'apb_enab_dma'
  726 | axi2apb_misc APB_DEV 
      |              ^~~~~~~
                     ../testbench/simu_top.v:92:1: ... note: In file included from 'simu_top.v'
                     /nfs/home/wanghao/nscscc2026ByCQUPT/chiplab/IP/APB_DEV/apb_dev_top_no_nand.v:80:1: ... Location of port declaration
   80 | apb_enab_dma,
      | ^~~~~~~~~~~~
%Warning-PINMISSING: /nfs/home/wanghao/nscscc2026ByCQUPT/chiplab/chip/soc_demo/sim/soc_top.v:726:14: Instance has missing pin: 'apb_addr_dma'
  726 | axi2apb_misc APB_DEV 
      |              ^~~~~~~
                     ../testbench/simu_top.v:92:1: ... note: In file included from 'simu_top.v'
                     /nfs/home/wanghao/nscscc2026ByCQUPT/chiplab/IP/APB_DEV/apb_dev_top_no_nand.v:81:1: ... Location of port declaration
   81 | apb_addr_dma,
      | ^~~~~~~~~~~~
%Warning-PINMISSING: /nfs/home/wanghao/nscscc2026ByCQUPT/chiplab/chip/soc_demo/sim/soc_top.v:726:14: Instance has missing pin: 'apb_valid_dma'
  726 | axi2apb_misc APB_DEV 
      |              ^~~~~~~
                     ../testbench/simu_top.v:92:1: ... note: In file included from 'simu_top.v'
                     /nfs/home/wanghao/nscscc2026ByCQUPT/chiplab/IP/APB_DEV/apb_dev_top_no_nand.v:82:1: ... Location of port declaration
   82 | apb_valid_dma,
      | ^~~~~~~~~~~~~
%Warning-PINMISSING: /nfs/home/wanghao/nscscc2026ByCQUPT/chiplab/chip/soc_demo/sim/soc_top.v:726:14: Instance has missing pin: 'apb_wdata_dma'
  726 | axi2apb_misc APB_DEV 
      |              ^~~~~~~
                     ../testbench/simu_top.v:92:1: ... note: In file included from 'simu_top.v'
                     /nfs/home/wanghao/nscscc2026ByCQUPT/chiplab/IP/APB_DEV/apb_dev_top_no_nand.v:83:1: ... Location of port declaration
   83 | apb_wdata_dma,
      | ^~~~~~~~~~~~~
%Warning-PINMISSING: /nfs/home/wanghao/nscscc2026ByCQUPT/chiplab/chip/soc_demo/sim/soc_top.v:726:14: Instance has missing pin: 'apb_rdata_dma'
  726 | axi2apb_misc APB_DEV 
      |              ^~~~~~~
                     ../testbench/simu_top.v:92:1: ... note: In file included from 'simu_top.v'
                     /nfs/home/wanghao/nscscc2026ByCQUPT/chiplab/IP/APB_DEV/apb_dev_top_no_nand.v:84:1: ... Location of port declaration
   84 | apb_rdata_dma,
      | ^~~~~~~~~~~~~
%Warning-PINMISSING: /nfs/home/wanghao/nscscc2026ByCQUPT/chiplab/chip/soc_demo/sim/soc_top.v:726:14: Instance has missing pin: 'apb_ready_dma'
  726 | axi2apb_misc APB_DEV 
      |              ^~~~~~~
                     ../testbench/simu_top.v:92:1: ... note: In file included from 'simu_top.v'
                     /nfs/home/wanghao/nscscc2026ByCQUPT/chiplab/IP/APB_DEV/apb_dev_top_no_nand.v:85:1: ... Location of port declaration
   85 | apb_ready_dma,
      | ^~~~~~~~~~~~~
%Warning-PINMISSING: /nfs/home/wanghao/nscscc2026ByCQUPT/chiplab/chip/soc_demo/sim/soc_top.v:726:14: Instance has missing pin: 'dma_grant'
  726 | axi2apb_misc APB_DEV 
      |              ^~~~~~~
                     ../testbench/simu_top.v:92:1: ... note: In file included from 'simu_top.v'
                     /nfs/home/wanghao/nscscc2026ByCQUPT/chiplab/IP/APB_DEV/apb_dev_top_no_nand.v:86:1: ... Location of port declaration
   86 | dma_grant,
      | ^~~~~~~~~
%Warning-PINMISSING: /nfs/home/wanghao/nscscc2026ByCQUPT/chiplab/chip/soc_demo/sim/soc_top.v:726:14: Instance has missing pin: 'dma_req_o'
  726 | axi2apb_misc APB_DEV 
      |              ^~~~~~~
                     ../testbench/simu_top.v:92:1: ... note: In file included from 'simu_top.v'
                     /nfs/home/wanghao/nscscc2026ByCQUPT/chiplab/IP/APB_DEV/apb_dev_top_no_nand.v:88:1: ... Location of port declaration
   88 | dma_req_o,
      | ^~~~~~~~~
%Warning-PINMISSING: /nfs/home/wanghao/nscscc2026ByCQUPT/chiplab/chip/soc_demo/sim/soc_top.v:726:14: Instance has missing pin: 'dma_ack_i'
  726 | axi2apb_misc APB_DEV 
      |              ^~~~~~~
                     ../testbench/simu_top.v:92:1: ... note: In file included from 'simu_top.v'
                     /nfs/home/wanghao/nscscc2026ByCQUPT/chiplab/IP/APB_DEV/apb_dev_top_no_nand.v:89:1: ... Location of port declaration
   89 | dma_ack_i,
      | ^~~~~~~~~
%Warning-MULTITOP: /nfs/home/wanghao/nscscc2026ByCQUPT/chiplab/IP/APB_DEV/NAND/nand.v:34:8: Multiple top level modules
                                                                                          : ... Suggest see manual; fix the duplicates, or use --top-module to select top.
                   ... For warning description see https://verilator.org/warn/MULTITOP?v=5.044
                   ... Use "/* verilator lint_off MULTITOP */" and lint_on around source to disable this message.
                                                                                          : ... Top module 'simu_top'
    1 | module simu_top
      |        ^~~~~~~~
                                                                                          : ... Top module 'NAND_top'
   34 | module NAND_top(
      |        ^~~~~~~~
%Warning-MISINDENT: /nfs/home/wanghao/nscscc2026ByCQUPT/chiplab/IP/APB_DEV/URT/uart_receiver.v:160:46: Misleading indentation
  160 |                                 rcounter16   <= rcounter16_minus_1;
      |                                              ^~
                    /nfs/home/wanghao/nscscc2026ByCQUPT/chiplab/IP/APB_DEV/URT/uart_receiver.v:153:25: ... Expected indentation matching this earlier statement's line:
  153 |                         if (rcounter16_eq_0) begin
      |                         ^~
                    ... For warning description see https://verilator.org/warn/MISINDENT?v=5.044
                    ... Use "/* verilator lint_off MISINDENT */" and lint_on around source to disable this message.
%Warning-DEFPARAM: /nfs/home/wanghao/nscscc2026ByCQUPT/chiplab/IP/APB_DEV/URT/uart_regs.v:259:41: defparam is deprecated (IEEE 1800-2023 C.4.1)
                                                                                                : ... Suggest use instantiation with #(.width(...etc...))
  259 |   defparam i_uart_sync_flops.width      = 1;
      |                                         ^
                   ... For warning description see https://verilator.org/warn/DEFPARAM?v=5.044
                   ... Use "/* verilator lint_off DEFPARAM */" and lint_on around source to disable this message.
%Warning-DEFPARAM: /nfs/home/wanghao/nscscc2026ByCQUPT/chiplab/IP/APB_DEV/URT/uart_regs.v:260:41: defparam is deprecated (IEEE 1800-2023 C.4.1)
                                                                                                : ... Suggest use instantiation with #(.init_value(...etc...))
  260 |   defparam i_uart_sync_flops.init_value = 1'b1;
      |                                         ^
%Warning-IMPLICIT: /nfs/home/wanghao/nscscc2026ByCQUPT/chiplab/IP/APB_DEV/apb_dev_top_no_nand.v:183:9: Signal definition not found, creating implicitly: 'nand_dma_ack_i'
                                                                                                     : ... Suggested alternative: 'dma_ack_i'
  183 | assign  nand_dma_ack_i = dma_ack_i; 
      |         ^~~~~~~~~~~~~~
                   ... For warning description see https://verilator.org/warn/IMPLICIT?v=5.044
                   ... Use "/* verilator lint_off IMPLICIT */" and lint_on around source to disable this message.
%Warning-WIDTHEXPAND: /nfs/home/wanghao/nscscc2026ByCQUPT/chiplab/IP/APB_DEV/URT/uart_rfifo.v:90:10: Operator ASSIGNDLY expects 4 bits on the Assign RHS, but Assign RHS's CONST '1'h0' generates 1 bits.
                                                                                                   : ... note: In instance 'simu_top.soc.APB_DEV.uart0.regs.receiver.fifo_rx'
   90 |   bottom <= 1'b0;
      |          ^~
                      ... For warning description see https://verilator.org/warn/WIDTHEXPAND?v=5.044
                      ... Use "/* verilator lint_off WIDTHEXPAND */" and lint_on around source to disable this message.
%Warning-WIDTHEXPAND: /nfs/home/wanghao/nscscc2026ByCQUPT/chiplab/IP/APB_DEV/URT/uart_rfifo.v:112:10: Operator ASSIGNDLY expects 4 bits on the Assign RHS, but Assign RHS's CONST '1'h0' generates 1 bits.
                                                                                                    : ... note: In instance 'simu_top.soc.APB_DEV.uart0.regs.receiver.fifo_rx'
  112 |   bottom <= 1'b0;
      |          ^~
%Warning-WIDTHEXPAND: /nfs/home/wanghao/nscscc2026ByCQUPT/chiplab/IP/APB_DEV/URT/uart_tfifo.v:86:11: Operator ASSIGNDLY expects 4 bits on the Assign RHS, but Assign RHS's CONST '1'h0' generates 1 bits.
                                                                                                   : ... note: In instance 'simu_top.soc.APB_DEV.uart0.regs.transmitter.fifo_tx'
   86 |   bottom  <= 1'b0;
      |           ^~
%Warning-WIDTHEXPAND: /nfs/home/wanghao/nscscc2026ByCQUPT/chiplab/IP/APB_DEV/URT/uart_tfifo.v:92:11: Operator ASSIGNDLY expects 4 bits on the Assign RHS, but Assign RHS's CONST '1'h0' generates 1 bits.
                                                                                                   : ... note: In instance 'simu_top.soc.APB_DEV.uart0.regs.transmitter.fifo_tx'
   92 |   bottom  <= 1'b0;
      |           ^~
%Warning-WIDTHEXPAND: /nfs/home/wanghao/nscscc2026ByCQUPT/chiplab/IP/APB_DEV/URT/uart_transmitter.v:231:18: Operator ASSIGNDLY expects 5 bits on the Assign RHS, but Assign RHS's CONST '4'h0' generates 4 bits.
                                                                                                          : ... note: In instance 'simu_top.soc.APB_DEV.uart0.regs.transmitter'
  231 |          counter <= 4'b0;
      |                  ^~
%Warning-WIDTHEXPAND: /nfs/home/wanghao/nscscc2026ByCQUPT/chiplab/IP/APB_DEV/URT/uart_transmitter.v:264:48: Operator ADD expects 3 bits on the RHS, but RHS's LOGNOT generates 1 bits.
                                                                                                          : ... note: In instance 'simu_top.soc.APB_DEV.uart0.regs.transmitter'
  264 |                        error_time<= error_time + !srx_pad_i;
      |                                                ^
%Warning-WIDTHEXPAND: /nfs/home/wanghao/nscscc2026ByCQUPT/chiplab/IP/APB_DEV/URT/uart_regs.v:166:23: Operator EQ expects 8 bits on the RHS, but RHS's SEL generates 7 bits.
                                                                                                   : ... note: In instance 'simu_top.soc.APB_DEV.uart0.regs'
  166 |         if(sclk_count == fi_di_reg[7:1]) begin
      |                       ^~
%Warning-WIDTHEXPAND: /nfs/home/wanghao/nscscc2026ByCQUPT/chiplab/IP/APB_DEV/URT/uart_regs.v:277:25: Operator COND expects 8 bits on the Conditional False, but Conditional False's VARREF 'ier' generates 4 bits.
                                                                                                   : ... note: In instance 'simu_top.soc.APB_DEV.uart0.regs'
  277 |     3'd1 : dat_o = dlab ? dl[15:8] : ier;
      |                         ^
%Warning-WIDTHEXPAND: /nfs/home/wanghao/nscscc2026ByCQUPT/chiplab/IP/APB_DEV/URT/uart_regs.v:531:14: Operator ASSIGNDLY expects 9 bits on the Assign RHS, but Assign RHS's CONST '8'h0' generates 8 bits.
                                                                                                   : ... note: In instance 'simu_top.soc.APB_DEV.uart0.regs'
  531 |        M_cnt <= 8'h0;
      |              ^~
%Warning-WIDTHEXPAND: /nfs/home/wanghao/nscscc2026ByCQUPT/chiplab/IP/APB_DEV/URT/uart_regs.v:534:22: Operator ADD expects 32 or 24 bits on the RHS, but RHS's VARREF 'M_toggle' generates 1 bits.
                                                                                                   : ... note: In instance 'simu_top.soc.APB_DEV.uart0.regs'
  534 |        dlc <= dl - 1 + M_toggle;    
      |                      ^
%Warning-WIDTHTRUNC: /nfs/home/wanghao/nscscc2026ByCQUPT/chiplab/IP/APB_DEV/URT/uart_regs.v:534:12: Operator ASSIGNDLY expects 16 bits on the Assign RHS, but Assign RHS's ADD generates 32 or 24 bits.
                                                                                                  : ... note: In instance 'simu_top.soc.APB_DEV.uart0.regs'
  534 |        dlc <= dl - 1 + M_toggle;    
      |            ^~
                     ... For warning description see https://verilator.org/warn/WIDTHTRUNC?v=5.044
                     ... Use "/* verilator lint_off WIDTHTRUNC */" and lint_on around source to disable this message.
%Warning-WIDTHEXPAND: ../testbench/difftest.v:111:3: Operator TASKREF 'v_difftest_ExcpEvent' expects 8 bits on the Function Argument, but Function Argument's VARREF 'excp_valid' generates 1 bits.
                                                   : ... note: In instance 'simu_top.soc.cpu.difftest.difftestExcpEvent'
  111 |   v_difftest_ExcpEvent (
      |   ^~~~~~~~~~~~~~~~~~~~
%Warning-WIDTHEXPAND: ../testbench/difftest.v:85:3: Operator TASKREF 'v_difftest_InstrCommit' expects 8 bits on the Function Argument, but Function Argument's VARREF 'TLBFILL_index' generates 5 bits.
                                                  : ... note: In instance 'simu_top.soc.cpu.difftest.difftestInstrCommit'
   85 |   v_difftest_InstrCommit (
      |   ^~~~~~~~~~~~~~~~~~~~~~
%Warning-WIDTHEXPAND: /nfs/home/wanghao/nscscc2026ByCQUPT/chiplab/IP/AMBA/axi_mux_sim.v:1102:19: Operator ASSIGNDLY expects 3 bits on the Assign RHS, but Assign RHS's CONST '2'h0' generates 2 bits.
                                                                                               : ... note: In instance 'simu_top.soc.AXI_SLAVE_MUX.rd_fifo'
 1102 |       fifo_ram[i] <= 2'b0;
      |                   ^~
%Warning-WIDTHEXPAND: /nfs/home/wanghao/nscscc2026ByCQUPT/chiplab/IP/AMBA/axi2apb.v:293:100: Operator ADD expects 20 bits on the RHS, but RHS's CONST '2'h1' generates 2 bits.
                                                                                           : ... note: In instance 'simu_top.soc.APB_DEV.AA_axi2apb_bridge_cpu'
  293 |           axi_s_req_addr <= (axi_s_wstrb[3:0]==4'h2)&&(axi_s_req_addr[1:0]==2'h0)? (axi_s_req_addr + 2'h1):
      |                                                                                                    ^
%Warning-WIDTHEXPAND: /nfs/home/wanghao/nscscc2026ByCQUPT/chiplab/IP/AMBA/axi2apb.v:294:100: Operator ADD expects 20 bits on the RHS, but RHS's CONST '2'h2' generates 2 bits.
                                                                                           : ... note: In instance 'simu_top.soc.APB_DEV.AA_axi2apb_bridge_cpu'
  294 |                             (axi_s_wstrb[3:0]==4'h4)&&(axi_s_req_addr[1:0]==2'h0)? (axi_s_req_addr + 2'h2):
      |                                                                                                    ^
%Warning-WIDTHEXPAND: /nfs/home/wanghao/nscscc2026ByCQUPT/chiplab/IP/AMBA/axi2apb.v:295:100: Operator ADD expects 20 bits on the RHS, but RHS's CONST '2'h3' generates 2 bits.
                                                                                           : ... note: In instance 'simu_top.soc.APB_DEV.AA_axi2apb_bridge_cpu'
  295 |                             (axi_s_wstrb[3:0]==4'h8)&&(axi_s_req_addr[1:0]==2'h0)? (axi_s_req_addr + 2'h3): 
      |                                                                                                    ^
%Warning-WIDTHEXPAND: /nfs/home/wanghao/nscscc2026ByCQUPT/chiplab/IP/AMBA/axi2apb.v:296:100: Operator ADD expects 20 bits on the RHS, but RHS's CONST '2'h1' generates 2 bits.
                                                                                           : ... note: In instance 'simu_top.soc.APB_DEV.AA_axi2apb_bridge_cpu'
  296 |                             (axi_s_wstrb[3:0]==4'h6)&&(axi_s_req_addr[1:0]==2'h0)? (axi_s_req_addr + 2'h1): 
      |                                                                                                    ^
%Warning-WIDTHEXPAND: /nfs/home/wanghao/nscscc2026ByCQUPT/chiplab/IP/AMBA/axi2apb.v:297:100: Operator ADD expects 20 bits on the RHS, but RHS's CONST '2'h2' generates 2 bits.
                                                                                           : ... note: In instance 'simu_top.soc.APB_DEV.AA_axi2apb_bridge_cpu'
  297 |                             (axi_s_wstrb[3:0]==4'hc)&&(axi_s_req_addr[1:0]==2'h0)? (axi_s_req_addr + 2'h2): axi_s_req_addr ; 
      |                                                                                                    ^
%Warning-WIDTHEXPAND: /nfs/home/wanghao/nscscc2026ByCQUPT/chiplab/IP/AMBA/axi2apb.v:487:66: Operator EQ expects 3 bits on the RHS, but RHS's CONST '2'h1' generates 2 bits.
                                                                                          : ... note: In instance 'simu_top.soc.APB_DEV.AA_axi2apb_bridge_cpu'
  487 |                     axi_s_rlast     <= apb_rd_size==3'h2|rd_count==2'b1;
      |                                                                  ^~
%Warning-WIDTHEXPAND: /nfs/home/wanghao/nscscc2026ByCQUPT/chiplab/IP/AMBA/axi2apb.v:488:66: Operator EQ expects 3 bits on the RHS, but RHS's CONST '2'h1' generates 2 bits.
                                                                                          : ... note: In instance 'simu_top.soc.APB_DEV.AA_axi2apb_bridge_cpu'
  488 |                     axi_s_rvalid    <= apb_rd_size==3'h2|rd_count==2'b1;
      |                                                                  ^~
%Warning-WIDTHTRUNC: /nfs/home/wanghao/nscscc2026ByCQUPT/chiplab/IP/AMBA/axi2apb.v:589:37: Operator ASSIGNDLY expects 20 bits on the Assign RHS, but Assign RHS's CONST '32'h0' generates 32 bits.
                                                                                         : ... note: In instance 'simu_top.soc.APB_DEV.AA_axi2apb_bridge_cpu'
  589 |                     axi_s_req_addr  <= 32'h0;
      |                                     ^~
%Warning-WIDTHTRUNC: /nfs/home/wanghao/nscscc2026ByCQUPT/chiplab/IP/myCPU/mycpu_top.v:723:6: Input port connection 'csr_data' expects 32 bits on the pin connection, but pin connection's VARREF 'difftestInstrCommit_csr_data' generates 64 bits.
                                                                                           : ... note: In instance 'simu_top.soc.cpu.difftest'
  723 |     .csr_data(difftestInstrCommit_csr_data)
      |      ^~~~~~~~
%Warning-WIDTHEXPAND: /nfs/home/wanghao/nscscc2026ByCQUPT/chiplab/IP/myCPU/mycpu_top.v:730:6: Input port connection 'intrNo' expects 32 bits on the pin connection, but pin connection's VARREF 'difftestExcpEvent_intrNo' generates 11 bits.
                                                                                            : ... note: In instance 'simu_top.soc.cpu.difftest'
  730 |     .intrNo(difftestExcpEvent_intrNo),
      |      ^~~~~~
%Warning-WIDTHEXPAND: /nfs/home/wanghao/nscscc2026ByCQUPT/chiplab/IP/myCPU/mycpu_top.v:731:6: Input port connection 'cause' expects 32 bits on the pin connection, but pin connection's VARREF 'difftestExcpEvent_cause' generates 6 bits.
                                                                                            : ... note: In instance 'simu_top.soc.cpu.difftest'
  731 |     .cause(difftestExcpEvent_cause),
      |      ^~~~~
%Warning-WIDTHTRUNC: /nfs/home/wanghao/nscscc2026ByCQUPT/chiplab/IP/myCPU/mycpu_top.v:739:6: Input port connection 'code' expects 3 bits on the pin connection, but pin connection's VARREF 'difftestTrapEvent_code' generates 8 bits.
                                                                                           : ... note: In instance 'simu_top.soc.cpu.difftest'
  739 |     .code(difftestTrapEvent_code),
      |      ^~~~
%Warning-WIDTHEXPAND: /nfs/home/wanghao/nscscc2026ByCQUPT/chiplab/IP/myCPU/mycpu_top.v:748:6: Input port connection 'valid' expects 8 bits on the pin connection, but pin connection's VARREF 'difftestStoreEvent_valid' generates 1 bits.
                                                                                            : ... note: In instance 'simu_top.soc.cpu.difftest'
  748 |     .valid(difftestStoreEvent_valid),
      |      ^~~~~
%Warning-WIDTHEXPAND: /nfs/home/wanghao/nscscc2026ByCQUPT/chiplab/IP/myCPU/mycpu_top.v:757:6: Input port connection 'valid' expects 8 bits on the pin connection, but pin connection's VARREF 'difftestLoadEvent_valid' generates 1 bits.
                                                                                            : ... note: In instance 'simu_top.soc.cpu.difftest'
  757 |     .valid(difftestLoadEvent_valid),
      |      ^~~~~
%Warning-WIDTHEXPAND: /nfs/home/wanghao/nscscc2026ByCQUPT/chiplab/IP/myCPU/mycpu_top.v:764:6: Input port connection 'crmd' expects 64 bits on the pin connection, but pin connection's VARREF 'difftestCSRRegState_crmd' generates 32 bits.
                                                                                            : ... note: In instance 'simu_top.soc.cpu.difftest'
  764 |     .crmd(difftestCSRRegState_crmd),
      |      ^~~~
%Warning-WIDTHEXPAND: /nfs/home/wanghao/nscscc2026ByCQUPT/chiplab/IP/myCPU/mycpu_top.v:765:6: Input port connection 'prmd' expects 64 bits on the pin connection, but pin connection's VARREF 'difftestCSRRegState_prmd' generates 32 bits.
                                                                                            : ... note: In instance 'simu_top.soc.cpu.difftest'
  765 |     .prmd(difftestCSRRegState_prmd),
      |      ^~~~
%Warning-WIDTHEXPAND: /nfs/home/wanghao/nscscc2026ByCQUPT/chiplab/IP/myCPU/mycpu_top.v:766:6: Input port connection 'euen' expects 64 bits on the pin connection, but pin connection's VARREF 'difftestCSRRegState_euen' generates 32 bits.
                                                                                            : ... note: In instance 'simu_top.soc.cpu.difftest'
  766 |     .euen(difftestCSRRegState_euen),
      |      ^~~~
%Warning-WIDTHEXPAND: /nfs/home/wanghao/nscscc2026ByCQUPT/chiplab/IP/myCPU/mycpu_top.v:767:6: Input port connection 'ecfg' expects 64 bits on the pin connection, but pin connection's VARREF 'difftestCSRRegState_ecfg' generates 32 bits.
                                                                                            : ... note: In instance 'simu_top.soc.cpu.difftest'
  767 |     .ecfg(difftestCSRRegState_ecfg),
      |      ^~~~
%Warning-WIDTHEXPAND: /nfs/home/wanghao/nscscc2026ByCQUPT/chiplab/IP/myCPU/mycpu_top.v:768:6: Input port connection 'estat' expects 64 bits on the pin connection, but pin connection's VARREF 'difftestCSRRegState_estat' generates 32 bits.
                                                                                            : ... note: In instance 'simu_top.soc.cpu.difftest'
  768 |     .estat(difftestCSRRegState_estat),
      |      ^~~~~
%Warning-WIDTHEXPAND: /nfs/home/wanghao/nscscc2026ByCQUPT/chiplab/IP/myCPU/mycpu_top.v:772:6: Input port connection 'tlbidx' expects 64 bits on the pin connection, but pin connection's VARREF 'difftestCSRRegState_tlbidx' generates 32 bits.
                                                                                            : ... note: In instance 'simu_top.soc.cpu.difftest'
  772 |     .tlbidx(difftestCSRRegState_tlbidx),
      |      ^~~~~~
%Warning-WIDTHEXPAND: /nfs/home/wanghao/nscscc2026ByCQUPT/chiplab/IP/myCPU/mycpu_top.v:774:6: Input port connection 'tlbelo0' expects 64 bits on the pin connection, but pin connection's VARREF 'difftestCSRRegState_tlbelo0' generates 32 bits.
                                                                                            : ... note: In instance 'simu_top.soc.cpu.difftest'
  774 |     .tlbelo0(difftestCSRRegState_tlbelo0),
      |      ^~~~~~~
%Warning-WIDTHEXPAND: /nfs/home/wanghao/nscscc2026ByCQUPT/chiplab/IP/myCPU/mycpu_top.v:775:6: Input port connection 'tlbelo1' expects 64 bits on the pin connection, but pin connection's VARREF 'difftestCSRRegState_tlbelo1' generates 32 bits.
                                                                                            : ... note: In instance 'simu_top.soc.cpu.difftest'
  775 |     .tlbelo1(difftestCSRRegState_tlbelo1),
      |      ^~~~~~~
%Warning-WIDTHEXPAND: /nfs/home/wanghao/nscscc2026ByCQUPT/chiplab/IP/myCPU/mycpu_top.v:776:6: Input port connection 'asid' expects 64 bits on the pin connection, but pin connection's VARREF 'difftestCSRRegState_asid' generates 32 bits.
                                                                                            : ... note: In instance 'simu_top.soc.cpu.difftest'
  776 |     .asid(difftestCSRRegState_asid),
      |      ^~~~
%Warning-WIDTHEXPAND: /nfs/home/wanghao/nscscc2026ByCQUPT/chiplab/IP/myCPU/mycpu_top.v:784:6: Input port connection 'tcfg' expects 64 bits on the pin connection, but pin connection's VARREF 'difftestCSRRegState_tcfg' generates 32 bits.
                                                                                            : ... note: In instance 'simu_top.soc.cpu.difftest'
  784 |     .tcfg(difftestCSRRegState_tcfg),
      |      ^~~~
%Warning-WIDTHEXPAND: /nfs/home/wanghao/nscscc2026ByCQUPT/chiplab/IP/myCPU/mycpu_top.v:786:6: Input port connection 'ticlr' expects 64 bits on the pin connection, but pin connection's VARREF 'difftestCSRRegState_ticlr' generates 32 bits.
                                                                                            : ... note: In instance 'simu_top.soc.cpu.difftest'
  786 |     .ticlr(difftestCSRRegState_ticlr),
      |      ^~~~~
%Warning-WIDTHEXPAND: /nfs/home/wanghao/nscscc2026ByCQUPT/chiplab/IP/myCPU/mycpu_top.v:787:6: Input port connection 'llbctl' expects 64 bits on the pin connection, but pin connection's VARREF 'difftestCSRRegState_llbctl' generates 32 bits.
                                                                                            : ... note: In instance 'simu_top.soc.cpu.difftest'
  787 |     .llbctl(difftestCSRRegState_llbctl),
      |      ^~~~~~
%Warning-WIDTHEXPAND: /nfs/home/wanghao/nscscc2026ByCQUPT/chiplab/IP/myCPU/mycpu_top.v:789:6: Input port connection 'dmw0' expects 64 bits on the pin connection, but pin connection's VARREF 'difftestCSRRegState_dmw0' generates 32 bits.
                                                                                            : ... note: In instance 'simu_top.soc.cpu.difftest'
  789 |     .dmw0(difftestCSRRegState_dmw0),
      |      ^~~~
%Warning-WIDTHEXPAND: /nfs/home/wanghao/nscscc2026ByCQUPT/chiplab/IP/myCPU/mycpu_top.v:790:6: Input port connection 'dmw1' expects 64 bits on the pin connection, but pin connection's VARREF 'difftestCSRRegState_dmw1' generates 32 bits.
                                                                                            : ... note: In instance 'simu_top.soc.cpu.difftest'
  790 |     .dmw1(difftestCSRRegState_dmw1)
      |      ^~~~
%Warning-WIDTHEXPAND: /nfs/home/wanghao/nscscc2026ByCQUPT/chiplab/IP/CONFREG/confreg_sim.v:171:28: Operator EQ expects 16 bits on the LHS, but LHS's SEL generates 13 bits.
                                                                                                 : ... note: In instance 'simu_top.soc.confreg'
  171 |      if (conf_raddr[28:16] == 16'h1fd0)
      |                            ^~
%Warning-WIDTHEXPAND: /nfs/home/wanghao/nscscc2026ByCQUPT/chiplab/IP/AMBA/axi_mux_sim.v:806:67: Operator EQ expects 32 bits on the LHS, but LHS's VARREF 'wr_resp_sel' generates 3 bits.
                                                                                              : ... note: In instance 'simu_top.soc.AXI_SLAVE_MUX'
  806 |         wr_resp_s_hit [resp_int]  =  !wr_resp_prog && wr_resp_sel == resp_int|| wr_resp_prog && wr_resp_sel_reg == resp_int;
      |                                                                   ^~
%Warning-WIDTHEXPAND: /nfs/home/wanghao/nscscc2026ByCQUPT/chiplab/IP/AMBA/axi_mux_sim.v:806:113: Operator EQ expects 32 bits on the LHS, but LHS's VARREF 'wr_resp_sel_reg' generates 3 bits.
                                                                                               : ... note: In instance 'simu_top.soc.AXI_SLAVE_MUX'
  806 |         wr_resp_s_hit [resp_int]  =  !wr_resp_prog && wr_resp_sel == resp_int|| wr_resp_prog && wr_resp_sel_reg == resp_int;
      |                                                                                                                 ^~
%Warning-WIDTHEXPAND: /nfs/home/wanghao/nscscc2026ByCQUPT/chiplab/IP/AMBA/axi_mux_sim.v:814:38: Operator GT expects 3 bits on the RHS, but RHS's CONST '2'h2' generates 2 bits.
                                                                                              : ... note: In instance 'simu_top.soc.AXI_SLAVE_MUX'
  814 |                     (wr_resp_pre_sel > 2'h2) ? wr_sel_group_0 : wr_sel_group_1;
      |                                      ^
%Warning-WIDTHTRUNC: /nfs/home/wanghao/nscscc2026ByCQUPT/chiplab/IP/AMBA/axi_mux_sim.v:819:29: Operator ASSIGN expects 4 bits on the Assign RHS, but Assign RHS's CONST '8'h0' generates 8 bits.
                                                                                             : ... note: In instance 'simu_top.soc.AXI_SLAVE_MUX'
  819 |             axi_s_bid       =8'h0;
      |                             ^
%Warning-WIDTHTRUNC: /nfs/home/wanghao/nscscc2026ByCQUPT/chiplab/IP/AMBA/axi_mux_sim.v:844:21: Operator ASSIGN expects 3 bits on the Assign RHS, but Assign RHS's VARREF 'w_addr_dir_int' generates 32 bits.
                                                                                             : ... note: In instance 'simu_top.soc.AXI_SLAVE_MUX'
  844 |         wr_addr_dir =w_addr_dir_int;
      |                     ^
%Warning-WIDTHEXPAND: /nfs/home/wanghao/nscscc2026ByCQUPT/chiplab/IP/AMBA/axi_mux_sim.v:851:68: Operator EQ expects 32 bits on the LHS, but LHS's VARREF 'wr_data_dir' generates 3 bits.
                                                                                              : ... note: In instance 'simu_top.soc.AXI_SLAVE_MUX'
  851 |         wr_data_s_hit[w_ad_int]  =  (!wr_fifo_empty && wr_data_dir == w_ad_int);
      |                                                                    ^~
%Warning-WIDTHEXPAND: /nfs/home/wanghao/nscscc2026ByCQUPT/chiplab/IP/AMBA/axi_mux_sim.v:858:44: Operator EQ expects 16 bits on the LHS, but LHS's SEL generates 13 bits.
                                                                                              : ... note: In instance 'simu_top.soc.AXI_SLAVE_MUX'
  858 | assign wr_addr_hit[3] = axi_s_awaddr[28:16]==16'h1fd0 ||
      |                                            ^~
%Warning-WIDTHEXPAND: /nfs/home/wanghao/nscscc2026ByCQUPT/chiplab/IP/AMBA/axi_mux_sim.v:859:26: Operator EQ expects 16 bits on the LHS, but LHS's SEL generates 13 bits.
                                                                                              : ... note: In instance 'simu_top.soc.AXI_SLAVE_MUX'
  859 |       axi_s_awaddr[28:16]==16'h1faf ;   
      |                          ^~
%Warning-WIDTHEXPAND: /nfs/home/wanghao/nscscc2026ByCQUPT/chiplab/IP/AMBA/axi_mux_sim.v:951:47: Operator EQ expects 16 bits on the LHS, but LHS's SEL generates 13 bits.
                                                                                              : ... note: In instance 'simu_top.soc.AXI_SLAVE_MUX'
  951 | assign rd_addr_hit[3] = (axi_s_araddr[28:16]) == 16'h1faf ||
      |                                               ^~
%Warning-WIDTHEXPAND: /nfs/home/wanghao/nscscc2026ByCQUPT/chiplab/IP/AMBA/axi_mux_sim.v:952:26: Operator EQ expects 16 bits on the LHS, but LHS's SEL generates 13 bits.
                                                                                              : ... note: In instance 'simu_top.soc.AXI_SLAVE_MUX'
  952 |    (axi_s_araddr[28:16]) == 16'h1fd0 ;   
      |                          ^~
%Warning-WIDTHEXPAND: /nfs/home/wanghao/nscscc2026ByCQUPT/chiplab/IP/AMBA/axi_mux_sim.v:955:50: Operator EQ expects 16 bits on the LHS, but LHS's SEL generates 13 bits.
                                                                                              : ... note: In instance 'simu_top.soc.AXI_SLAVE_MUX'
  955 | wire rd_addr_hit_temp = ~(((axi_s_araddr[28:16]) == 16'h1faf || (axi_s_araddr[28:16]) == 16'h1fd0) | ((axi_s_araddr[31:16]) ==16'h1fe0)); 
      |                                                  ^~
%Warning-WIDTHEXPAND: /nfs/home/wanghao/nscscc2026ByCQUPT/chiplab/IP/AMBA/axi_mux_sim.v:955:87: Operator EQ expects 16 bits on the LHS, but LHS's SEL generates 13 bits.
                                                                                              : ... note: In instance 'simu_top.soc.AXI_SLAVE_MUX'
  955 | wire rd_addr_hit_temp = ~(((axi_s_araddr[28:16]) == 16'h1faf || (axi_s_araddr[28:16]) == 16'h1fd0) | ((axi_s_araddr[31:16]) ==16'h1fe0)); 
      |                                                                                       ^~
%Warning-WIDTHTRUNC: /nfs/home/wanghao/nscscc2026ByCQUPT/chiplab/IP/AMBA/axi_mux_sim.v:964:21: Operator ASSIGN expects 3 bits on the Assign RHS, but Assign RHS's VARREF 'rd_addr_dir_int' generates 32 bits.
                                                                                             : ... note: In instance 'simu_top.soc.AXI_SLAVE_MUX'
  964 |         rd_addr_dir =rd_addr_dir_int;
      |                     ^
%Warning-WIDTHTRUNC: /nfs/home/wanghao/nscscc2026ByCQUPT/chiplab/IP/AMBA/axi_mux_sim.v:970:29: Operator ASSIGN expects 4 bits on the Assign RHS, but Assign RHS's CONST '8'h0' generates 8 bits.
                                                                                             : ... note: In instance 'simu_top.soc.AXI_SLAVE_MUX'
  970 |             axi_s_rid       =8'h0;
      |                             ^
%Warning-WIDTHTRUNC: /nfs/home/wanghao/nscscc2026ByCQUPT/chiplab/IP/AMBA/axi_mux_sim.v:971:29: Operator ASSIGN expects 32 bits on the Assign RHS, but Assign RHS's CONST '128'h0' generates 128 bits.
                                                                                             : ... note: In instance 'simu_top.soc.AXI_SLAVE_MUX'
  971 |             axi_s_rdata     =128'h0;
      |                             ^
%Warning-WIDTHEXPAND: /nfs/home/wanghao/nscscc2026ByCQUPT/chiplab/IP/AMBA/axi_mux_sim.v:978:27: Operator EQ expects 32 bits on the LHS, but LHS's VARREF 'rd_data_sel' generates 3 bits.
                                                                                              : ... note: In instance 'simu_top.soc.AXI_SLAVE_MUX'
  978 |             if(rd_data_sel==axi_rd_data_int) begin
      |                           ^~
%Warning-WIDTHEXPAND: /nfs/home/wanghao/nscscc2026ByCQUPT/chiplab/chip/soc_demo/sim/soc_top.v:348:6: Output port connection 'arlen' expects 8 bits on the pin connection, but pin connection's VARREF 'cpu_arlen' generates 4 bits.
                                                                                                   : ... note: In instance 'simu_top.soc'
  348 |     .arlen             (cpu_arlen         ), 
      |      ^~~~~
                      ../testbench/simu_top.v:92:1: ... note: In file included from 'simu_top.v'
%Warning-WIDTHEXPAND: /nfs/home/wanghao/nscscc2026ByCQUPT/chiplab/chip/soc_demo/sim/soc_top.v:358:6: Output port connection 'awlen' expects 8 bits on the pin connection, but pin connection's VARREF 'cpu_awlen' generates 4 bits.
                                                                                                   : ... note: In instance 'simu_top.soc'
  358 |     .awlen             (cpu_awlen         ), 
      |      ^~~~~
                      ../testbench/simu_top.v:92:1: ... note: In file included from 'simu_top.v'
%Warning-WIDTHEXPAND: /nfs/home/wanghao/nscscc2026ByCQUPT/chiplab/IP/APB_DEV/NAND/nand.v:154:24: Operator ASSIGNDLY expects 32 bits on the Assign RHS, but Assign RHS's REPLICATE generates 15 bits.
                                                                                               : ... note: In instance 'NAND_top'
  154 |           nand_command <= {1'b0,1'b0,1'b0,1'b0,9'b0,1'b0,NANDtag};
      |                        ^~
%Warning-WIDTHEXPAND: /nfs/home/wanghao/nscscc2026ByCQUPT/chiplab/IP/APB_DEV/NAND/nand.v:194:27: Operator ASSIGNDLY expects 32 bits on the Assign RHS, but Assign RHS's REPLICATE generates 30 bits.
                                                                                               : ... note: In instance 'NAND_top'
  194 |        else nand_ce_map1  <= {READ_MAX_COUNT,NAND_OP_NUM[15:0]};
      |                           ^~
%Warning-WIDTHEXPAND: /nfs/home/wanghao/nscscc2026ByCQUPT/chiplab/IP/APB_DEV/NAND/nand.v:197:28: Operator ASSIGNDLY expects 32 bits on the Assign RHS, but Assign RHS's REPLICATE generates 30 bits.
                                                                                               : ... note: In instance 'NAND_top'
  197 |        else nand_rdy_map1  <= {WRITE_MAX_COUNT,NAND_OP_NUM[15:0]};
      |                            ^~
%Warning-WIDTHTRUNC: /nfs/home/wanghao/nscscc2026ByCQUPT/chiplab/IP/APB_DEV/NAND/nand.v:228:26: Operator ASSIGNDLY expects 38 bits on the Assign RHS, but Assign RHS's REPLICATE generates 41 bits.
                                                                                              : ... note: In instance 'NAND_top'
  228 |             addr_in_die  <= {9'h0,nand_addr_r[15:0],4'b0,nand_addr_c[11:0]};
      |                          ^~
%Warning-WIDTHEXPAND: /nfs/home/wanghao/nscscc2026ByCQUPT/chiplab/IP/APB_DEV/NAND/nand.v:286:42: Operator EQ expects 4 bits on the LHS, but LHS's VARREF 'nand_number' generates 2 bits.
                                                                                               : ... note: In instance 'NAND_top'
  286 | assign   NAND_CE_pre_o[0] = (nand_number ==4'h0) ? NAND_CE_ : 1'b1;
      |                                          ^~
%Warning-WIDTHEXPAND: /nfs/home/wanghao/nscscc2026ByCQUPT/chiplab/IP/APB_DEV/NAND/nand.v:287:42: Operator EQ expects 4 bits on the LHS, but LHS's VARREF 'nand_number' generates 2 bits.
                                                                                               : ... note: In instance 'NAND_top'
  287 | assign   NAND_CE_pre_o[1] = (nand_number ==4'h1) ? NAND_CE_ : 1'b1;
      |                                          ^~
%Warning-WIDTHEXPAND: /nfs/home/wanghao/nscscc2026ByCQUPT/chiplab/IP/APB_DEV/NAND/nand.v:288:42: Operator EQ expects 4 bits on the LHS, but LHS's VARREF 'nand_number' generates 2 bits.
                                                                                               : ... note: In instance 'NAND_top'
  288 | assign   NAND_CE_pre_o[2] = (nand_number ==4'h2) ? NAND_CE_ : 1'b1;
      |                                          ^~
%Warning-WIDTHEXPAND: /nfs/home/wanghao/nscscc2026ByCQUPT/chiplab/IP/APB_DEV/NAND/nand.v:289:42: Operator EQ expects 4 bits on the LHS, but LHS's VARREF 'nand_number' generates 2 bits.
                                                                                               : ... note: In instance 'NAND_top'
  289 | assign   NAND_CE_pre_o[3] = (nand_number ==4'h3) ? NAND_CE_ : 1'b1;
      |                                          ^~
%Warning-WIDTHEXPAND: /nfs/home/wanghao/nscscc2026ByCQUPT/chiplab/IP/APB_DEV/NAND/nand.v:290:38: Operator EQ expects 4 bits on the LHS, but LHS's VARREF 'nand_number' generates 2 bits.
                                                                                               : ... note: In instance 'NAND_top'
  290 | assign   NAND_IORDY   = (nand_number ==4'h0) ? NAND_IORDY_post_i[0]:
      |                                      ^~
%Warning-WIDTHEXPAND: /nfs/home/wanghao/nscscc2026ByCQUPT/chiplab/IP/APB_DEV/NAND/nand.v:291:38: Operator EQ expects 4 bits on the LHS, but LHS's VARREF 'nand_number' generates 2 bits.
                                                                                               : ... note: In instance 'NAND_top'
  291 |                         (nand_number ==4'h1) ? NAND_IORDY_post_i[1]:
      |                                      ^~
%Warning-WIDTHEXPAND: /nfs/home/wanghao/nscscc2026ByCQUPT/chiplab/IP/APB_DEV/NAND/nand.v:292:38: Operator EQ expects 4 bits on the LHS, but LHS's VARREF 'nand_number' generates 2 bits.
                                                                                               : ... note: In instance 'NAND_top'
  292 |                         (nand_number ==4'h2) ? NAND_IORDY_post_i[2]:
      |                                      ^~
%Warning-WIDTHEXPAND: /nfs/home/wanghao/nscscc2026ByCQUPT/chiplab/IP/APB_DEV/NAND/nand.v:293:38: Operator EQ expects 4 bits on the LHS, but LHS's VARREF 'nand_number' generates 2 bits.
                                                                                               : ... note: In instance 'NAND_top'
  293 |                         (nand_number ==4'h3) ? NAND_IORDY_post_i[3]:1'b1;
      |                                      ^~
%Warning-WIDTHTRUNC: /nfs/home/wanghao/nscscc2026ByCQUPT/chiplab/IP/APB_DEV/NAND/nand.v:339:22: Operator ASSIGN expects 32 bits on the Assign RHS, but Assign RHS's REPLICATE generates 34 bits.
                                                                                              : ... note: In instance 'NAND_top'
  339 |            REG_DAT_T = {20'b0,nand_addr_c};
      |                      ^
%Warning-WIDTHEXPAND: /nfs/home/wanghao/nscscc2026ByCQUPT/chiplab/IP/APB_DEV/NAND/nand.v:343:22: Operator ASSIGN expects 32 bits on the Assign RHS, but Assign RHS's VARREF 'nand_timing' generates 16 bits.
                                                                                               : ... note: In instance 'NAND_top'
  343 |            REG_DAT_T = nand_timing;
      |                      ^
%Warning-WIDTHEXPAND: /nfs/home/wanghao/nscscc2026ByCQUPT/chiplab/IP/APB_DEV/NAND/nand.v:347:22: Operator ASSIGN expects 32 bits on the Assign RHS, but Assign RHS's REPLICATE generates 24 bits.
                                                                                               : ... note: In instance 'NAND_top'
  347 |            REG_DAT_T = {status,ID_INFORM[47:32]};
      |                      ^
%Warning-WIDTHEXPAND: /nfs/home/wanghao/nscscc2026ByCQUPT/chiplab/IP/APB_DEV/NAND/nand.v:617:92: Operator ADD expects 8 bits on the RHS, but RHS's CONST '2'h3' generates 2 bits.
                                                                                               : ... note: In instance 'NAND_top'
  617 |                                                             WAIT_NUM    <= nand_timing[7:0]+2'b11;
      |                                                                                            ^
%Warning-WIDTHEXPAND: /nfs/home/wanghao/nscscc2026ByCQUPT/chiplab/IP/APB_DEV/NAND/nand.v:621:92: Operator ADD expects 8 bits on the RHS, but RHS's CONST '2'h3' generates 2 bits.
                                                                                               : ... note: In instance 'NAND_top'
  621 |                                                             WAIT_NUM    <= nand_timing[7:0]+2'b11;
      |                                                                                            ^
%Warning-WIDTHEXPAND: /nfs/home/wanghao/nscscc2026ByCQUPT/chiplab/IP/APB_DEV/NAND/nand.v:625:92: Operator ADD expects 8 bits on the RHS, but RHS's CONST '2'h3' generates 2 bits.
                                                                                               : ... note: In instance 'NAND_top'
  625 |                                                             WAIT_NUM    <= nand_timing[7:0]+2'b11;
      |                                                                                            ^
%Warning-WIDTHEXPAND: /nfs/home/wanghao/nscscc2026ByCQUPT/chiplab/IP/APB_DEV/NAND/nand.v:629:92: Operator ADD expects 8 bits on the RHS, but RHS's CONST '2'h3' generates 2 bits.
                                                                                               : ... note: In instance 'NAND_top'
  629 |                                                             WAIT_NUM    <= nand_timing[7:0]+2'b11;
      |                                                                                            ^
%Warning-WIDTHTRUNC: /nfs/home/wanghao/nscscc2026ByCQUPT/chiplab/IP/APB_DEV/NAND/nand.v:591:63: Logical operator LOGAND expects 1 bit on the RHS, but RHS's VARREF 'WAIT_NUM' generates 8 bits.
                                                                                              : ... note: In instance 'NAND_top'
  591 |                                   else  if(WAIT_NUM<=HOLD_NUM && WAIT_NUM) begin
      |                                                               ^~
%Warning-WIDTHEXPAND: /nfs/home/wanghao/nscscc2026ByCQUPT/chiplab/IP/APB_DEV/NAND/nand.v:688:68: Operator ASSIGNDLY expects 8 bits on the Assign RHS, but Assign RHS's SEL generates 4 bits.
                                                                                               : ... note: In instance 'NAND_top'
  688 |                                                     else  NAND_O   <= NAND_ADDR[35:32];
      |                                                                    ^~
%Warning-WIDTHEXPAND: /nfs/home/wanghao/nscscc2026ByCQUPT/chiplab/IP/APB_DEV/NAND/nand.v:675:70: Operator EQ expects 3 bits on the RHS, but RHS's CONST '2'h2' generates 2 bits.
                                                                                               : ... note: In instance 'NAND_top'
  675 |                                              else  if(NAND_ADDR_COUNT==2'b10) begin 
      |                                                                      ^~
%Warning-WIDTHEXPAND: /nfs/home/wanghao/nscscc2026ByCQUPT/chiplab/IP/APB_DEV/NAND/nand.v:671:64: Operator EQ expects 3 bits on the RHS, but RHS's CONST '2'h3' generates 2 bits.
                                                                                               : ... note: In instance 'NAND_top'
  671 |                                             if(NAND_ADDR_COUNT == 2'b11) begin 
      |                                                                ^~
%Warning-WIDTHEXPAND: /nfs/home/wanghao/nscscc2026ByCQUPT/chiplab/IP/APB_DEV/NAND/nand.v:700:81: Operator ADD expects 8 bits on the RHS, but RHS's CONST '2'h2' generates 2 bits.
                                                                                               : ... note: In instance 'NAND_top'
  700 |                                               WAIT_NUM      <= nand_timing[7:0] + 2'b10;
      |                                                                                 ^
%Warning-WIDTHTRUNC: /nfs/home/wanghao/nscscc2026ByCQUPT/chiplab/IP/APB_DEV/NAND/nand.v:691:68: Logical operator LOGAND expects 1 bit on the RHS, but RHS's VARREF 'WAIT_NUM' generates 8 bits.
                                                                                              : ... note: In instance 'NAND_top'
  691 |                                       else  if((WAIT_NUM<HOLD_NUM) && WAIT_NUM) begin
      |                                                                    ^~
%Warning-WIDTHEXPAND: /nfs/home/wanghao/nscscc2026ByCQUPT/chiplab/IP/APB_DEV/NAND/nand.v:756:69: Operator ASSIGNDLY expects 8 bits on the Assign RHS, but Assign RHS's SEL generates 6 bits.
                                                                                               : ... note: In instance 'NAND_top'
  756 |                                                     else  NAND_O    <= NAND_ADDR[37:32];
      |                                                                     ^~
%Warning-WIDTHEXPAND: /nfs/home/wanghao/nscscc2026ByCQUPT/chiplab/IP/APB_DEV/NAND/nand.v:767:78: Operator ADD expects 8 bits on the RHS, but RHS's CONST '2'h2' generates 2 bits.
                                                                                               : ... note: In instance 'NAND_top'
  767 |                                                 WAIT_NUM  <= nand_timing[7:0]+2'b10; 
      |                                                                              ^
%Warning-WIDTHTRUNC: /nfs/home/wanghao/nscscc2026ByCQUPT/chiplab/IP/APB_DEV/NAND/nand.v:759:64: Logical operator LOGAND expects 1 bit on the RHS, but RHS's VARREF 'WAIT_NUM' generates 8 bits.
                                                                                              : ... note: In instance 'NAND_top'
  759 |                                   else  if((WAIT_NUM<HOLD_NUM) && WAIT_NUM) begin
      |                                                                ^~
%Warning-WIDTHEXPAND: /nfs/home/wanghao/nscscc2026ByCQUPT/chiplab/IP/APB_DEV/NAND/nand.v:838:102: Operator ADD expects 23 bits on the RHS, but RHS's CONST '2'h2' generates 2 bits.
                                                                                                : ... note: In instance 'NAND_top'
  838 |                                           NAND_ADDR[30:8] <= spare_op&& (~main_op)? (NAND_ADDR[30:8] +2'b10) : now_up_half ? NAND_ADDR[30:8] : (NAND_ADDR[30:8] +1'b1);
      |                                                                                                      ^
%Warning-WIDTHEXPAND: /nfs/home/wanghao/nscscc2026ByCQUPT/chiplab/IP/APB_DEV/NAND/nand.v:840:81: Operator SUB expects 32 bits on the RHS, but RHS's SEL generates 8 bits.
                                                                                               : ... note: In instance 'NAND_top'
  840 |                                              READ_MAX_COUNT <= (NAND_OP_NUM>(256-NAND_ADDR[7:0]))? (256-NAND_ADDR[7:0]) : NAND_OP_NUM; 
      |                                                                                 ^
%Warning-WIDTHEXPAND: /nfs/home/wanghao/nscscc2026ByCQUPT/chiplab/IP/APB_DEV/NAND/nand.v:840:104: Operator SUB expects 32 bits on the RHS, but RHS's SEL generates 8 bits.
                                                                                                : ... note: In instance 'NAND_top'
  840 |                                              READ_MAX_COUNT <= (NAND_OP_NUM>(256-NAND_ADDR[7:0]))? (256-NAND_ADDR[7:0]) : NAND_OP_NUM; 
      |                                                                                                        ^
%Warning-WIDTHTRUNC: /nfs/home/wanghao/nscscc2026ByCQUPT/chiplab/IP/APB_DEV/NAND/nand.v:840:61: Operator ASSIGNDLY expects 14 bits on the Assign RHS, but Assign RHS's COND generates 32 bits.
                                                                                              : ... note: In instance 'NAND_top'
  840 |                                              READ_MAX_COUNT <= (NAND_OP_NUM>(256-NAND_ADDR[7:0]))? (256-NAND_ADDR[7:0]) : NAND_OP_NUM; 
      |                                                             ^~
%Warning-WIDTHEXPAND: /nfs/home/wanghao/nscscc2026ByCQUPT/chiplab/IP/APB_DEV/NAND/nand.v:842:80: Operator SUB expects 32 bits on the RHS, but RHS's SEL generates 4 bits.
                                                                                               : ... note: In instance 'NAND_top'
  842 |                                              READ_MAX_COUNT <= (NAND_OP_NUM>(16-NAND_ADDR[3:0]))? (16-NAND_ADDR[3:0]) : NAND_OP_NUM;
      |                                                                                ^
%Warning-WIDTHEXPAND: /nfs/home/wanghao/nscscc2026ByCQUPT/chiplab/IP/APB_DEV/NAND/nand.v:842:102: Operator SUB expects 32 bits on the RHS, but RHS's SEL generates 4 bits.
                                                                                                : ... note: In instance 'NAND_top'
  842 |                                              READ_MAX_COUNT <= (NAND_OP_NUM>(16-NAND_ADDR[3:0]))? (16-NAND_ADDR[3:0]) : NAND_OP_NUM;
      |                                                                                                      ^
%Warning-WIDTHTRUNC: /nfs/home/wanghao/nscscc2026ByCQUPT/chiplab/IP/APB_DEV/NAND/nand.v:842:61: Operator ASSIGNDLY expects 14 bits on the Assign RHS, but Assign RHS's COND generates 32 bits.
                                                                                              : ... note: In instance 'NAND_top'
  842 |                                              READ_MAX_COUNT <= (NAND_OP_NUM>(16-NAND_ADDR[3:0]))? (16-NAND_ADDR[3:0]) : NAND_OP_NUM;
      |                                                             ^~
%Warning-WIDTHEXPAND: /nfs/home/wanghao/nscscc2026ByCQUPT/chiplab/IP/APB_DEV/NAND/nand.v:844:81: Operator SUB expects 32 bits on the RHS, but RHS's SEL generates 8 bits.
                                                                                               : ... note: In instance 'NAND_top'
  844 |                                              READ_MAX_COUNT <= (NAND_OP_NUM>(256-NAND_ADDR[7:0]))? (256-NAND_ADDR[7:0]) : NAND_OP_NUM;
      |                                                                                 ^
%Warning-WIDTHEXPAND: /nfs/home/wanghao/nscscc2026ByCQUPT/chiplab/IP/APB_DEV/NAND/nand.v:844:104: Operator SUB expects 32 bits on the RHS, but RHS's SEL generates 8 bits.
                                                                                                : ... note: In instance 'NAND_top'
  844 |                                              READ_MAX_COUNT <= (NAND_OP_NUM>(256-NAND_ADDR[7:0]))? (256-NAND_ADDR[7:0]) : NAND_OP_NUM;
      |                                                                                                        ^
%Warning-WIDTHTRUNC: /nfs/home/wanghao/nscscc2026ByCQUPT/chiplab/IP/APB_DEV/NAND/nand.v:844:61: Operator ASSIGNDLY expects 14 bits on the Assign RHS, but Assign RHS's COND generates 32 bits.
                                                                                              : ... note: In instance 'NAND_top'
  844 |                                              READ_MAX_COUNT <= (NAND_OP_NUM>(256-NAND_ADDR[7:0]))? (256-NAND_ADDR[7:0]) : NAND_OP_NUM;
      |                                                             ^~
%Warning-WIDTHEXPAND: /nfs/home/wanghao/nscscc2026ByCQUPT/chiplab/IP/APB_DEV/NAND/nand.v:855:86: Operator SUB expects 32 bits on the LHS, but LHS's VARREF 'op_scope' generates 14 bits.
                                                                                               : ... note: In instance 'NAND_top'
  855 |                                              READ_MAX_COUNT <= (NAND_OP_NUM>(op_scope-NAND_ADDR[11:0]))? (op_scope-NAND_ADDR[11:0]) : NAND_OP_NUM; 
      |                                                                                      ^
%Warning-WIDTHEXPAND: /nfs/home/wanghao/nscscc2026ByCQUPT/chiplab/IP/APB_DEV/NAND/nand.v:855:86: Operator SUB expects 32 bits on the RHS, but RHS's SEL generates 12 bits.
                                                                                               : ... note: In instance 'NAND_top'
  855 |                                              READ_MAX_COUNT <= (NAND_OP_NUM>(op_scope-NAND_ADDR[11:0]))? (op_scope-NAND_ADDR[11:0]) : NAND_OP_NUM; 
      |                                                                                      ^
%Warning-WIDTHEXPAND: /nfs/home/wanghao/nscscc2026ByCQUPT/chiplab/IP/APB_DEV/NAND/nand.v:855:115: Operator SUB expects 32 bits on the LHS, but LHS's VARREF 'op_scope' generates 14 bits.
                                                                                                : ... note: In instance 'NAND_top'
  855 |                                              READ_MAX_COUNT <= (NAND_OP_NUM>(op_scope-NAND_ADDR[11:0]))? (op_scope-NAND_ADDR[11:0]) : NAND_OP_NUM; 
      |                                                                                                                   ^
%Warning-WIDTHEXPAND: /nfs/home/wanghao/nscscc2026ByCQUPT/chiplab/IP/APB_DEV/NAND/nand.v:855:115: Operator SUB expects 32 bits on the RHS, but RHS's SEL generates 12 bits.
                                                                                                : ... note: In instance 'NAND_top'
  855 |                                              READ_MAX_COUNT <= (NAND_OP_NUM>(op_scope-NAND_ADDR[11:0]))? (op_scope-NAND_ADDR[11:0]) : NAND_OP_NUM; 
      |                                                                                                                   ^
%Warning-WIDTHTRUNC: /nfs/home/wanghao/nscscc2026ByCQUPT/chiplab/IP/APB_DEV/NAND/nand.v:855:61: Operator ASSIGNDLY expects 14 bits on the Assign RHS, but Assign RHS's COND generates 32 bits.
                                                                                              : ... note: In instance 'NAND_top'
  855 |                                              READ_MAX_COUNT <= (NAND_OP_NUM>(op_scope-NAND_ADDR[11:0]))? (op_scope-NAND_ADDR[11:0]) : NAND_OP_NUM; 
      |                                                             ^~
%Warning-WIDTHEXPAND: /nfs/home/wanghao/nscscc2026ByCQUPT/chiplab/IP/APB_DEV/NAND/nand.v:857:86: Operator SUB expects 32 bits on the LHS, but LHS's VARREF 'op_scope' generates 14 bits.
                                                                                               : ... note: In instance 'NAND_top'
  857 |                                              READ_MAX_COUNT <= (NAND_OP_NUM>(op_scope-NAND_ADDR[5:0])) ? (op_scope-NAND_ADDR[5:0]) : NAND_OP_NUM;
      |                                                                                      ^
%Warning-WIDTHEXPAND: /nfs/home/wanghao/nscscc2026ByCQUPT/chiplab/IP/APB_DEV/NAND/nand.v:857:86: Operator SUB expects 32 bits on the RHS, but RHS's SEL generates 6 bits.
                                                                                               : ... note: In instance 'NAND_top'
  857 |                                              READ_MAX_COUNT <= (NAND_OP_NUM>(op_scope-NAND_ADDR[5:0])) ? (op_scope-NAND_ADDR[5:0]) : NAND_OP_NUM;
      |                                                                                      ^
%Warning-WIDTHEXPAND: /nfs/home/wanghao/nscscc2026ByCQUPT/chiplab/IP/APB_DEV/NAND/nand.v:857:115: Operator SUB expects 32 bits on the LHS, but LHS's VARREF 'op_scope' generates 14 bits.
                                                                                                : ... note: In instance 'NAND_top'
  857 |                                              READ_MAX_COUNT <= (NAND_OP_NUM>(op_scope-NAND_ADDR[5:0])) ? (op_scope-NAND_ADDR[5:0]) : NAND_OP_NUM;
      |                                                                                                                   ^
%Warning-WIDTHEXPAND: /nfs/home/wanghao/nscscc2026ByCQUPT/chiplab/IP/APB_DEV/NAND/nand.v:857:115: Operator SUB expects 32 bits on the RHS, but RHS's SEL generates 6 bits.
                                                                                                : ... note: In instance 'NAND_top'
  857 |                                              READ_MAX_COUNT <= (NAND_OP_NUM>(op_scope-NAND_ADDR[5:0])) ? (op_scope-NAND_ADDR[5:0]) : NAND_OP_NUM;
      |                                                                                                                   ^
%Warning-WIDTHTRUNC: /nfs/home/wanghao/nscscc2026ByCQUPT/chiplab/IP/APB_DEV/NAND/nand.v:857:61: Operator ASSIGNDLY expects 14 bits on the Assign RHS, but Assign RHS's COND generates 32 bits.
                                                                                              : ... note: In instance 'NAND_top'
  857 |                                              READ_MAX_COUNT <= (NAND_OP_NUM>(op_scope-NAND_ADDR[5:0])) ? (op_scope-NAND_ADDR[5:0]) : NAND_OP_NUM;
      |                                                             ^~
%Warning-WIDTHEXPAND: /nfs/home/wanghao/nscscc2026ByCQUPT/chiplab/IP/APB_DEV/NAND/nand.v:859:86: Operator SUB expects 32 bits on the LHS, but LHS's VARREF 'op_scope' generates 14 bits.
                                                                                               : ... note: In instance 'NAND_top'
  859 |                                              READ_MAX_COUNT <= (NAND_OP_NUM>(op_scope-NAND_ADDR[10:0]))? (op_scope-NAND_ADDR[10:0]) : NAND_OP_NUM;
      |                                                                                      ^
%Warning-WIDTHEXPAND: /nfs/home/wanghao/nscscc2026ByCQUPT/chiplab/IP/APB_DEV/NAND/nand.v:859:86: Operator SUB expects 32 bits on the RHS, but RHS's SEL generates 11 bits.
                                                                                               : ... note: In instance 'NAND_top'
  859 |                                              READ_MAX_COUNT <= (NAND_OP_NUM>(op_scope-NAND_ADDR[10:0]))? (op_scope-NAND_ADDR[10:0]) : NAND_OP_NUM;
      |                                                                                      ^
%Warning-WIDTHEXPAND: /nfs/home/wanghao/nscscc2026ByCQUPT/chiplab/IP/APB_DEV/NAND/nand.v:859:115: Operator SUB expects 32 bits on the LHS, but LHS's VARREF 'op_scope' generates 14 bits.
                                                                                                : ... note: In instance 'NAND_top'
  859 |                                              READ_MAX_COUNT <= (NAND_OP_NUM>(op_scope-NAND_ADDR[10:0]))? (op_scope-NAND_ADDR[10:0]) : NAND_OP_NUM;
      |                                                                                                                   ^
%Warning-WIDTHEXPAND: /nfs/home/wanghao/nscscc2026ByCQUPT/chiplab/IP/APB_DEV/NAND/nand.v:859:115: Operator SUB expects 32 bits on the RHS, but RHS's SEL generates 11 bits.
                                                                                                : ... note: In instance 'NAND_top'
  859 |                                              READ_MAX_COUNT <= (NAND_OP_NUM>(op_scope-NAND_ADDR[10:0]))? (op_scope-NAND_ADDR[10:0]) : NAND_OP_NUM;
      |                                                                                                                   ^
%Warning-WIDTHTRUNC: /nfs/home/wanghao/nscscc2026ByCQUPT/chiplab/IP/APB_DEV/NAND/nand.v:859:61: Operator ASSIGNDLY expects 14 bits on the Assign RHS, but Assign RHS's COND generates 32 bits.
                                                                                              : ... note: In instance 'NAND_top'
  859 |                                              READ_MAX_COUNT <= (NAND_OP_NUM>(op_scope-NAND_ADDR[10:0]))? (op_scope-NAND_ADDR[10:0]) : NAND_OP_NUM;
      |                                                             ^~
%Warning-WIDTHEXPAND: /nfs/home/wanghao/nscscc2026ByCQUPT/chiplab/IP/APB_DEV/NAND/nand.v:866:86: Operator SUB expects 32 bits on the LHS, but LHS's VARREF 'op_scope' generates 14 bits.
                                                                                               : ... note: In instance 'NAND_top'
  866 |                                              READ_MAX_COUNT <= (NAND_OP_NUM>(op_scope-NAND_ADDR[12:0]))? (op_scope-NAND_ADDR[12:0]) : NAND_OP_NUM; 
      |                                                                                      ^
%Warning-WIDTHEXPAND: /nfs/home/wanghao/nscscc2026ByCQUPT/chiplab/IP/APB_DEV/NAND/nand.v:866:86: Operator SUB expects 32 bits on the RHS, but RHS's SEL generates 13 bits.
                                                                                               : ... note: In instance 'NAND_top'
  866 |                                              READ_MAX_COUNT <= (NAND_OP_NUM>(op_scope-NAND_ADDR[12:0]))? (op_scope-NAND_ADDR[12:0]) : NAND_OP_NUM; 
      |                                                                                      ^
%Warning-WIDTHEXPAND: /nfs/home/wanghao/nscscc2026ByCQUPT/chiplab/IP/APB_DEV/NAND/nand.v:866:115: Operator SUB expects 32 bits on the LHS, but LHS's VARREF 'op_scope' generates 14 bits.
                                                                                                : ... note: In instance 'NAND_top'
  866 |                                              READ_MAX_COUNT <= (NAND_OP_NUM>(op_scope-NAND_ADDR[12:0]))? (op_scope-NAND_ADDR[12:0]) : NAND_OP_NUM; 
      |                                                                                                                   ^
%Warning-WIDTHEXPAND: /nfs/home/wanghao/nscscc2026ByCQUPT/chiplab/IP/APB_DEV/NAND/nand.v:866:115: Operator SUB expects 32 bits on the RHS, but RHS's SEL generates 13 bits.
                                                                                                : ... note: In instance 'NAND_top'
  866 |                                              READ_MAX_COUNT <= (NAND_OP_NUM>(op_scope-NAND_ADDR[12:0]))? (op_scope-NAND_ADDR[12:0]) : NAND_OP_NUM; 
      |                                                                                                                   ^
%Warning-WIDTHTRUNC: /nfs/home/wanghao/nscscc2026ByCQUPT/chiplab/IP/APB_DEV/NAND/nand.v:866:61: Operator ASSIGNDLY expects 14 bits on the Assign RHS, but Assign RHS's COND generates 32 bits.
                                                                                              : ... note: In instance 'NAND_top'
  866 |                                              READ_MAX_COUNT <= (NAND_OP_NUM>(op_scope-NAND_ADDR[12:0]))? (op_scope-NAND_ADDR[12:0]) : NAND_OP_NUM; 
      |                                                             ^~
%Warning-WIDTHEXPAND: /nfs/home/wanghao/nscscc2026ByCQUPT/chiplab/IP/APB_DEV/NAND/nand.v:868:86: Operator SUB expects 32 bits on the LHS, but LHS's VARREF 'op_scope' generates 14 bits.
                                                                                               : ... note: In instance 'NAND_top'
  868 |                                              READ_MAX_COUNT <= (NAND_OP_NUM>(op_scope-NAND_ADDR[6:0])) ? (op_scope-NAND_ADDR[6:0]) : NAND_OP_NUM;
      |                                                                                      ^
%Warning-WIDTHEXPAND: /nfs/home/wanghao/nscscc2026ByCQUPT/chiplab/IP/APB_DEV/NAND/nand.v:868:86: Operator SUB expects 32 bits on the RHS, but RHS's SEL generates 7 bits.
                                                                                               : ... note: In instance 'NAND_top'
  868 |                                              READ_MAX_COUNT <= (NAND_OP_NUM>(op_scope-NAND_ADDR[6:0])) ? (op_scope-NAND_ADDR[6:0]) : NAND_OP_NUM;
      |                                                                                      ^
%Warning-WIDTHEXPAND: /nfs/home/wanghao/nscscc2026ByCQUPT/chiplab/IP/APB_DEV/NAND/nand.v:868:115: Operator SUB expects 32 bits on the LHS, but LHS's VARREF 'op_scope' generates 14 bits.
                                                                                                : ... note: In instance 'NAND_top'
  868 |                                              READ_MAX_COUNT <= (NAND_OP_NUM>(op_scope-NAND_ADDR[6:0])) ? (op_scope-NAND_ADDR[6:0]) : NAND_OP_NUM;
      |                                                                                                                   ^
%Warning-WIDTHEXPAND: /nfs/home/wanghao/nscscc2026ByCQUPT/chiplab/IP/APB_DEV/NAND/nand.v:868:115: Operator SUB expects 32 bits on the RHS, but RHS's SEL generates 7 bits.
                                                                                                : ... note: In instance 'NAND_top'
  868 |                                              READ_MAX_COUNT <= (NAND_OP_NUM>(op_scope-NAND_ADDR[6:0])) ? (op_scope-NAND_ADDR[6:0]) : NAND_OP_NUM;
      |                                                                                                                   ^
%Warning-WIDTHTRUNC: /nfs/home/wanghao/nscscc2026ByCQUPT/chiplab/IP/APB_DEV/NAND/nand.v:868:61: Operator ASSIGNDLY expects 14 bits on the Assign RHS, but Assign RHS's COND generates 32 bits.
                                                                                              : ... note: In instance 'NAND_top'
  868 |                                              READ_MAX_COUNT <= (NAND_OP_NUM>(op_scope-NAND_ADDR[6:0])) ? (op_scope-NAND_ADDR[6:0]) : NAND_OP_NUM;
      |                                                             ^~
%Warning-WIDTHEXPAND: /nfs/home/wanghao/nscscc2026ByCQUPT/chiplab/IP/APB_DEV/NAND/nand.v:870:86: Operator SUB expects 32 bits on the LHS, but LHS's VARREF 'op_scope' generates 14 bits.
                                                                                               : ... note: In instance 'NAND_top'
  870 |                                              READ_MAX_COUNT <= (NAND_OP_NUM>(op_scope-NAND_ADDR[11:0]))? (op_scope-NAND_ADDR[11:0]) : NAND_OP_NUM;
      |                                                                                      ^
%Warning-WIDTHEXPAND: /nfs/home/wanghao/nscscc2026ByCQUPT/chiplab/IP/APB_DEV/NAND/nand.v:870:86: Operator SUB expects 32 bits on the RHS, but RHS's SEL generates 12 bits.
                                                                                               : ... note: In instance 'NAND_top'
  870 |                                              READ_MAX_COUNT <= (NAND_OP_NUM>(op_scope-NAND_ADDR[11:0]))? (op_scope-NAND_ADDR[11:0]) : NAND_OP_NUM;
      |                                                                                      ^
%Warning-WIDTHEXPAND: /nfs/home/wanghao/nscscc2026ByCQUPT/chiplab/IP/APB_DEV/NAND/nand.v:870:115: Operator SUB expects 32 bits on the LHS, but LHS's VARREF 'op_scope' generates 14 bits.
                                                                                                : ... note: In instance 'NAND_top'
  870 |                                              READ_MAX_COUNT <= (NAND_OP_NUM>(op_scope-NAND_ADDR[11:0]))? (op_scope-NAND_ADDR[11:0]) : NAND_OP_NUM;
      |                                                                                                                   ^
%Warning-WIDTHEXPAND: /nfs/home/wanghao/nscscc2026ByCQUPT/chiplab/IP/APB_DEV/NAND/nand.v:870:115: Operator SUB expects 32 bits on the RHS, but RHS's SEL generates 12 bits.
                                                                                                : ... note: In instance 'NAND_top'
  870 |                                              READ_MAX_COUNT <= (NAND_OP_NUM>(op_scope-NAND_ADDR[11:0]))? (op_scope-NAND_ADDR[11:0]) : NAND_OP_NUM;
      |                                                                                                                   ^
%Warning-WIDTHTRUNC: /nfs/home/wanghao/nscscc2026ByCQUPT/chiplab/IP/APB_DEV/NAND/nand.v:870:61: Operator ASSIGNDLY expects 14 bits on the Assign RHS, but Assign RHS's COND generates 32 bits.
                                                                                              : ... note: In instance 'NAND_top'
  870 |                                              READ_MAX_COUNT <= (NAND_OP_NUM>(op_scope-NAND_ADDR[11:0]))? (op_scope-NAND_ADDR[11:0]) : NAND_OP_NUM;
      |                                                             ^~
%Warning-WIDTHEXPAND: /nfs/home/wanghao/nscscc2026ByCQUPT/chiplab/IP/APB_DEV/NAND/nand.v:879:87: Operator SUB expects 32 bits on the LHS, but LHS's VARREF 'op_scope' generates 14 bits.
                                                                                               : ... note: In instance 'NAND_top'
  879 |                                               READ_MAX_COUNT <= (NAND_OP_NUM>(op_scope-NAND_ADDR[13:0]))? (op_scope-NAND_ADDR[13:0]) : NAND_OP_NUM; 
      |                                                                                       ^
%Warning-WIDTHEXPAND: /nfs/home/wanghao/nscscc2026ByCQUPT/chiplab/IP/APB_DEV/NAND/nand.v:879:87: Operator SUB expects 32 bits on the RHS, but RHS's SEL generates 14 bits.
                                                                                               : ... note: In instance 'NAND_top'
  879 |                                               READ_MAX_COUNT <= (NAND_OP_NUM>(op_scope-NAND_ADDR[13:0]))? (op_scope-NAND_ADDR[13:0]) : NAND_OP_NUM; 
      |                                                                                       ^
%Warning-WIDTHEXPAND: /nfs/home/wanghao/nscscc2026ByCQUPT/chiplab/IP/APB_DEV/NAND/nand.v:879:116: Operator SUB expects 32 bits on the LHS, but LHS's VARREF 'op_scope' generates 14 bits.
                                                                                                : ... note: In instance 'NAND_top'
  879 |                                               READ_MAX_COUNT <= (NAND_OP_NUM>(op_scope-NAND_ADDR[13:0]))? (op_scope-NAND_ADDR[13:0]) : NAND_OP_NUM; 
      |                                                                                                                    ^
%Warning-WIDTHEXPAND: /nfs/home/wanghao/nscscc2026ByCQUPT/chiplab/IP/APB_DEV/NAND/nand.v:879:116: Operator SUB expects 32 bits on the RHS, but RHS's SEL generates 14 bits.
                                                                                                : ... note: In instance 'NAND_top'
  879 |                                               READ_MAX_COUNT <= (NAND_OP_NUM>(op_scope-NAND_ADDR[13:0]))? (op_scope-NAND_ADDR[13:0]) : NAND_OP_NUM; 
      |                                                                                                                    ^
%Warning-WIDTHTRUNC: /nfs/home/wanghao/nscscc2026ByCQUPT/chiplab/IP/APB_DEV/NAND/nand.v:879:62: Operator ASSIGNDLY expects 14 bits on the Assign RHS, but Assign RHS's COND generates 32 bits.
                                                                                              : ... note: In instance 'NAND_top'
  879 |                                               READ_MAX_COUNT <= (NAND_OP_NUM>(op_scope-NAND_ADDR[13:0]))? (op_scope-NAND_ADDR[13:0]) : NAND_OP_NUM; 
      |                                                              ^~
%Warning-WIDTHEXPAND: /nfs/home/wanghao/nscscc2026ByCQUPT/chiplab/IP/APB_DEV/NAND/nand.v:881:87: Operator SUB expects 32 bits on the LHS, but LHS's VARREF 'op_scope' generates 14 bits.
                                                                                               : ... note: In instance 'NAND_top'
  881 |                                               READ_MAX_COUNT <= (NAND_OP_NUM>(op_scope-NAND_ADDR[7:0])) ? (op_scope-NAND_ADDR[7:0]) : NAND_OP_NUM;
      |                                                                                       ^
%Warning-WIDTHEXPAND: /nfs/home/wanghao/nscscc2026ByCQUPT/chiplab/IP/APB_DEV/NAND/nand.v:881:87: Operator SUB expects 32 bits on the RHS, but RHS's SEL generates 8 bits.
                                                                                               : ... note: In instance 'NAND_top'
  881 |                                               READ_MAX_COUNT <= (NAND_OP_NUM>(op_scope-NAND_ADDR[7:0])) ? (op_scope-NAND_ADDR[7:0]) : NAND_OP_NUM;
      |                                                                                       ^
%Warning-WIDTHEXPAND: /nfs/home/wanghao/nscscc2026ByCQUPT/chiplab/IP/APB_DEV/NAND/nand.v:881:116: Operator SUB expects 32 bits on the LHS, but LHS's VARREF 'op_scope' generates 14 bits.
                                                                                                : ... note: In instance 'NAND_top'
  881 |                                               READ_MAX_COUNT <= (NAND_OP_NUM>(op_scope-NAND_ADDR[7:0])) ? (op_scope-NAND_ADDR[7:0]) : NAND_OP_NUM;
      |                                                                                                                    ^
%Warning-WIDTHEXPAND: /nfs/home/wanghao/nscscc2026ByCQUPT/chiplab/IP/APB_DEV/NAND/nand.v:881:116: Operator SUB expects 32 bits on the RHS, but RHS's SEL generates 8 bits.
                                                                                                : ... note: In instance 'NAND_top'
  881 |                                               READ_MAX_COUNT <= (NAND_OP_NUM>(op_scope-NAND_ADDR[7:0])) ? (op_scope-NAND_ADDR[7:0]) : NAND_OP_NUM;
      |                                                                                                                    ^
%Warning-WIDTHTRUNC: /nfs/home/wanghao/nscscc2026ByCQUPT/chiplab/IP/APB_DEV/NAND/nand.v:881:62: Operator ASSIGNDLY expects 14 bits on the Assign RHS, but Assign RHS's COND generates 32 bits.
                                                                                              : ... note: In instance 'NAND_top'
  881 |                                               READ_MAX_COUNT <= (NAND_OP_NUM>(op_scope-NAND_ADDR[7:0])) ? (op_scope-NAND_ADDR[7:0]) : NAND_OP_NUM;
      |                                                              ^~
%Warning-WIDTHEXPAND: /nfs/home/wanghao/nscscc2026ByCQUPT/chiplab/IP/APB_DEV/NAND/nand.v:883:87: Operator SUB expects 32 bits on the LHS, but LHS's VARREF 'op_scope' generates 14 bits.
                                                                                               : ... note: In instance 'NAND_top'
  883 |                                               READ_MAX_COUNT <= (NAND_OP_NUM>(op_scope-NAND_ADDR[12:0]))? (op_scope-NAND_ADDR[12:0]) : NAND_OP_NUM;
      |                                                                                       ^
%Warning-WIDTHEXPAND: /nfs/home/wanghao/nscscc2026ByCQUPT/chiplab/IP/APB_DEV/NAND/nand.v:883:87: Operator SUB expects 32 bits on the RHS, but RHS's SEL generates 13 bits.
                                                                                               : ... note: In instance 'NAND_top'
  883 |                                               READ_MAX_COUNT <= (NAND_OP_NUM>(op_scope-NAND_ADDR[12:0]))? (op_scope-NAND_ADDR[12:0]) : NAND_OP_NUM;
      |                                                                                       ^
%Warning-WIDTHEXPAND: /nfs/home/wanghao/nscscc2026ByCQUPT/chiplab/IP/APB_DEV/NAND/nand.v:883:116: Operator SUB expects 32 bits on the LHS, but LHS's VARREF 'op_scope' generates 14 bits.
                                                                                                : ... note: In instance 'NAND_top'
  883 |                                               READ_MAX_COUNT <= (NAND_OP_NUM>(op_scope-NAND_ADDR[12:0]))? (op_scope-NAND_ADDR[12:0]) : NAND_OP_NUM;
      |                                                                                                                    ^
%Warning-WIDTHEXPAND: /nfs/home/wanghao/nscscc2026ByCQUPT/chiplab/IP/APB_DEV/NAND/nand.v:883:116: Operator SUB expects 32 bits on the RHS, but RHS's SEL generates 13 bits.
                                                                                                : ... note: In instance 'NAND_top'
  883 |                                               READ_MAX_COUNT <= (NAND_OP_NUM>(op_scope-NAND_ADDR[12:0]))? (op_scope-NAND_ADDR[12:0]) : NAND_OP_NUM;
      |                                                                                                                    ^
%Warning-WIDTHTRUNC: /nfs/home/wanghao/nscscc2026ByCQUPT/chiplab/IP/APB_DEV/NAND/nand.v:883:62: Operator ASSIGNDLY expects 14 bits on the Assign RHS, but Assign RHS's COND generates 32 bits.
                                                                                              : ... note: In instance 'NAND_top'
  883 |                                               READ_MAX_COUNT <= (NAND_OP_NUM>(op_scope-NAND_ADDR[12:0]))? (op_scope-NAND_ADDR[12:0]) : NAND_OP_NUM;
      |                                                              ^~
%Warning-WIDTHEXPAND: /nfs/home/wanghao/nscscc2026ByCQUPT/chiplab/IP/APB_DEV/NAND/nand.v:907:132: Operator SUB expects 14 bits on the RHS, but RHS's CONST '3'h4' generates 3 bits.
                                                                                                : ... note: In instance 'NAND_top'
  907 |                                     if ((~DMA_OP_DONE||DMA_OP_DONE &&ADDR_pointer==2'h3&&WAIT_NUM==2&&(data_count < (READ_MAX_COUNT-3'h4))) && ~NAND_HIT )
      |                                                                                                                                    ^
%Warning-WIDTHEXPAND: /nfs/home/wanghao/nscscc2026ByCQUPT/chiplab/IP/APB_DEV/NAND/nand.v:1001:102: Operator ADD expects 23 bits on the RHS, but RHS's CONST '2'h2' generates 2 bits.
                                                                                                 : ... note: In instance 'NAND_top'
 1001 |                                           NAND_ADDR[30:8] <= spare_op&& (~main_op)? (NAND_ADDR[30:8] +2'b10) : now_up_half ? NAND_ADDR[30:8] : (NAND_ADDR[30:8] +1'b1);
      |                                                                                                      ^
%Warning-WIDTHEXPAND: /nfs/home/wanghao/nscscc2026ByCQUPT/chiplab/IP/APB_DEV/NAND/nand.v:1003:82: Operator SUB expects 32 bits on the RHS, but RHS's SEL generates 8 bits.
                                                                                                : ... note: In instance 'NAND_top'
 1003 |                                              WRITE_MAX_COUNT <= (NAND_OP_NUM>(256-NAND_ADDR[7:0]))? (256-NAND_ADDR[7:0]) : NAND_OP_NUM; 
      |                                                                                  ^
%Warning-WIDTHEXPAND: /nfs/home/wanghao/nscscc2026ByCQUPT/chiplab/IP/APB_DEV/NAND/nand.v:1003:105: Operator SUB expects 32 bits on the RHS, but RHS's SEL generates 8 bits.
                                                                                                 : ... note: In instance 'NAND_top'
 1003 |                                              WRITE_MAX_COUNT <= (NAND_OP_NUM>(256-NAND_ADDR[7:0]))? (256-NAND_ADDR[7:0]) : NAND_OP_NUM; 
      |                                                                                                         ^
%Warning-WIDTHTRUNC: /nfs/home/wanghao/nscscc2026ByCQUPT/chiplab/IP/APB_DEV/NAND/nand.v:1003:62: Operator ASSIGNDLY expects 14 bits on the Assign RHS, but Assign RHS's COND generates 32 bits.
                                                                                               : ... note: In instance 'NAND_top'
 1003 |                                              WRITE_MAX_COUNT <= (NAND_OP_NUM>(256-NAND_ADDR[7:0]))? (256-NAND_ADDR[7:0]) : NAND_OP_NUM; 
      |                                                              ^~
%Warning-WIDTHEXPAND: /nfs/home/wanghao/nscscc2026ByCQUPT/chiplab/IP/APB_DEV/NAND/nand.v:1005:81: Operator SUB expects 32 bits on the RHS, but RHS's SEL generates 4 bits.
                                                                                                : ... note: In instance 'NAND_top'
 1005 |                                              WRITE_MAX_COUNT <= (NAND_OP_NUM>(16-NAND_ADDR[3:0])) ? (16-NAND_ADDR[3:0]) : NAND_OP_NUM;
      |                                                                                 ^
%Warning-WIDTHEXPAND: /nfs/home/wanghao/nscscc2026ByCQUPT/chiplab/IP/APB_DEV/NAND/nand.v:1005:104: Operator SUB expects 32 bits on the RHS, but RHS's SEL generates 4 bits.
                                                                                                 : ... note: In instance 'NAND_top'
 1005 |                                              WRITE_MAX_COUNT <= (NAND_OP_NUM>(16-NAND_ADDR[3:0])) ? (16-NAND_ADDR[3:0]) : NAND_OP_NUM;
      |                                                                                                        ^
%Warning-WIDTHTRUNC: /nfs/home/wanghao/nscscc2026ByCQUPT/chiplab/IP/APB_DEV/NAND/nand.v:1005:62: Operator ASSIGNDLY expects 14 bits on the Assign RHS, but Assign RHS's COND generates 32 bits.
                                                                                               : ... note: In instance 'NAND_top'
 1005 |                                              WRITE_MAX_COUNT <= (NAND_OP_NUM>(16-NAND_ADDR[3:0])) ? (16-NAND_ADDR[3:0]) : NAND_OP_NUM;
      |                                                              ^~
%Warning-WIDTHEXPAND: /nfs/home/wanghao/nscscc2026ByCQUPT/chiplab/IP/APB_DEV/NAND/nand.v:1007:82: Operator SUB expects 32 bits on the RHS, but RHS's SEL generates 8 bits.
                                                                                                : ... note: In instance 'NAND_top'
 1007 |                                              WRITE_MAX_COUNT <= (NAND_OP_NUM>(256-NAND_ADDR[7:0]))? (256-NAND_ADDR[7:0]) : NAND_OP_NUM;
      |                                                                                  ^
%Warning-WIDTHEXPAND: /nfs/home/wanghao/nscscc2026ByCQUPT/chiplab/IP/APB_DEV/NAND/nand.v:1007:105: Operator SUB expects 32 bits on the RHS, but RHS's SEL generates 8 bits.
                                                                                                 : ... note: In instance 'NAND_top'
 1007 |                                              WRITE_MAX_COUNT <= (NAND_OP_NUM>(256-NAND_ADDR[7:0]))? (256-NAND_ADDR[7:0]) : NAND_OP_NUM;
      |                                                                                                         ^
%Warning-WIDTHTRUNC: /nfs/home/wanghao/nscscc2026ByCQUPT/chiplab/IP/APB_DEV/NAND/nand.v:1007:62: Operator ASSIGNDLY expects 14 bits on the Assign RHS, but Assign RHS's COND generates 32 bits.
                                                                                               : ... note: In instance 'NAND_top'
 1007 |                                              WRITE_MAX_COUNT <= (NAND_OP_NUM>(256-NAND_ADDR[7:0]))? (256-NAND_ADDR[7:0]) : NAND_OP_NUM;
      |                                                              ^~
%Warning-WIDTHEXPAND: /nfs/home/wanghao/nscscc2026ByCQUPT/chiplab/IP/APB_DEV/NAND/nand.v:1018:87: Operator SUB expects 32 bits on the LHS, but LHS's VARREF 'op_scope' generates 14 bits.
                                                                                                : ... note: In instance 'NAND_top'
 1018 |                                              WRITE_MAX_COUNT <= (NAND_OP_NUM>(op_scope-NAND_ADDR[11:0]))? (op_scope-NAND_ADDR[11:0]) : NAND_OP_NUM; 
      |                                                                                       ^
%Warning-WIDTHEXPAND: /nfs/home/wanghao/nscscc2026ByCQUPT/chiplab/IP/APB_DEV/NAND/nand.v:1018:87: Operator SUB expects 32 bits on the RHS, but RHS's SEL generates 12 bits.
                                                                                                : ... note: In instance 'NAND_top'
 1018 |                                              WRITE_MAX_COUNT <= (NAND_OP_NUM>(op_scope-NAND_ADDR[11:0]))? (op_scope-NAND_ADDR[11:0]) : NAND_OP_NUM; 
      |                                                                                       ^
%Warning-WIDTHEXPAND: /nfs/home/wanghao/nscscc2026ByCQUPT/chiplab/IP/APB_DEV/NAND/nand.v:1018:116: Operator SUB expects 32 bits on the LHS, but LHS's VARREF 'op_scope' generates 14 bits.
                                                                                                 : ... note: In instance 'NAND_top'
 1018 |                                              WRITE_MAX_COUNT <= (NAND_OP_NUM>(op_scope-NAND_ADDR[11:0]))? (op_scope-NAND_ADDR[11:0]) : NAND_OP_NUM; 
      |                                                                                                                    ^
%Warning-WIDTHEXPAND: /nfs/home/wanghao/nscscc2026ByCQUPT/chiplab/IP/APB_DEV/NAND/nand.v:1018:116: Operator SUB expects 32 bits on the RHS, but RHS's SEL generates 12 bits.
                                                                                                 : ... note: In instance 'NAND_top'
 1018 |                                              WRITE_MAX_COUNT <= (NAND_OP_NUM>(op_scope-NAND_ADDR[11:0]))? (op_scope-NAND_ADDR[11:0]) : NAND_OP_NUM; 
      |                                                                                                                    ^
%Warning-WIDTHTRUNC: /nfs/home/wanghao/nscscc2026ByCQUPT/chiplab/IP/APB_DEV/NAND/nand.v:1018:62: Operator ASSIGNDLY expects 14 bits on the Assign RHS, but Assign RHS's COND generates 32 bits.
                                                                                               : ... note: In instance 'NAND_top'
 1018 |                                              WRITE_MAX_COUNT <= (NAND_OP_NUM>(op_scope-NAND_ADDR[11:0]))? (op_scope-NAND_ADDR[11:0]) : NAND_OP_NUM; 
      |                                                              ^~
%Warning-WIDTHEXPAND: /nfs/home/wanghao/nscscc2026ByCQUPT/chiplab/IP/APB_DEV/NAND/nand.v:1020:87: Operator SUB expects 32 bits on the LHS, but LHS's VARREF 'op_scope' generates 14 bits.
                                                                                                : ... note: In instance 'NAND_top'
 1020 |                                              WRITE_MAX_COUNT <= (NAND_OP_NUM>(op_scope-NAND_ADDR[5:0])) ? (op_scope-NAND_ADDR[5:0]) : NAND_OP_NUM;
      |                                                                                       ^
%Warning-WIDTHEXPAND: /nfs/home/wanghao/nscscc2026ByCQUPT/chiplab/IP/APB_DEV/NAND/nand.v:1020:87: Operator SUB expects 32 bits on the RHS, but RHS's SEL generates 6 bits.
                                                                                                : ... note: In instance 'NAND_top'
 1020 |                                              WRITE_MAX_COUNT <= (NAND_OP_NUM>(op_scope-NAND_ADDR[5:0])) ? (op_scope-NAND_ADDR[5:0]) : NAND_OP_NUM;
      |                                                                                       ^
%Warning-WIDTHEXPAND: /nfs/home/wanghao/nscscc2026ByCQUPT/chiplab/IP/APB_DEV/NAND/nand.v:1020:116: Operator SUB expects 32 bits on the LHS, but LHS's VARREF 'op_scope' generates 14 bits.
                                                                                                 : ... note: In instance 'NAND_top'
 1020 |                                              WRITE_MAX_COUNT <= (NAND_OP_NUM>(op_scope-NAND_ADDR[5:0])) ? (op_scope-NAND_ADDR[5:0]) : NAND_OP_NUM;
      |                                                                                                                    ^
%Warning-WIDTHEXPAND: /nfs/home/wanghao/nscscc2026ByCQUPT/chiplab/IP/APB_DEV/NAND/nand.v:1020:116: Operator SUB expects 32 bits on the RHS, but RHS's SEL generates 6 bits.
                                                                                                 : ... note: In instance 'NAND_top'
 1020 |                                              WRITE_MAX_COUNT <= (NAND_OP_NUM>(op_scope-NAND_ADDR[5:0])) ? (op_scope-NAND_ADDR[5:0]) : NAND_OP_NUM;
      |                                                                                                                    ^
%Warning-WIDTHTRUNC: /nfs/home/wanghao/nscscc2026ByCQUPT/chiplab/IP/APB_DEV/NAND/nand.v:1020:62: Operator ASSIGNDLY expects 14 bits on the Assign RHS, but Assign RHS's COND generates 32 bits.
                                                                                               : ... note: In instance 'NAND_top'
 1020 |                                              WRITE_MAX_COUNT <= (NAND_OP_NUM>(op_scope-NAND_ADDR[5:0])) ? (op_scope-NAND_ADDR[5:0]) : NAND_OP_NUM;
      |                                                              ^~
%Warning-WIDTHEXPAND: /nfs/home/wanghao/nscscc2026ByCQUPT/chiplab/IP/APB_DEV/NAND/nand.v:1022:87: Operator SUB expects 32 bits on the LHS, but LHS's VARREF 'op_scope' generates 14 bits.
                                                                                                : ... note: In instance 'NAND_top'
 1022 |                                              WRITE_MAX_COUNT <= (NAND_OP_NUM>(op_scope-NAND_ADDR[10:0]))? (op_scope-NAND_ADDR[10:0]) : NAND_OP_NUM;
      |                                                                                       ^
%Warning-WIDTHEXPAND: /nfs/home/wanghao/nscscc2026ByCQUPT/chiplab/IP/APB_DEV/NAND/nand.v:1022:87: Operator SUB expects 32 bits on the RHS, but RHS's SEL generates 11 bits.
                                                                                                : ... note: In instance 'NAND_top'
 1022 |                                              WRITE_MAX_COUNT <= (NAND_OP_NUM>(op_scope-NAND_ADDR[10:0]))? (op_scope-NAND_ADDR[10:0]) : NAND_OP_NUM;
      |                                                                                       ^
%Warning-WIDTHEXPAND: /nfs/home/wanghao/nscscc2026ByCQUPT/chiplab/IP/APB_DEV/NAND/nand.v:1022:116: Operator SUB expects 32 bits on the LHS, but LHS's VARREF 'op_scope' generates 14 bits.
                                                                                                 : ... note: In instance 'NAND_top'
 1022 |                                              WRITE_MAX_COUNT <= (NAND_OP_NUM>(op_scope-NAND_ADDR[10:0]))? (op_scope-NAND_ADDR[10:0]) : NAND_OP_NUM;
      |                                                                                                                    ^
%Warning-WIDTHEXPAND: /nfs/home/wanghao/nscscc2026ByCQUPT/chiplab/IP/APB_DEV/NAND/nand.v:1022:116: Operator SUB expects 32 bits on the RHS, but RHS's SEL generates 11 bits.
                                                                                                 : ... note: In instance 'NAND_top'
 1022 |                                              WRITE_MAX_COUNT <= (NAND_OP_NUM>(op_scope-NAND_ADDR[10:0]))? (op_scope-NAND_ADDR[10:0]) : NAND_OP_NUM;
      |                                                                                                                    ^
%Warning-WIDTHTRUNC: /nfs/home/wanghao/nscscc2026ByCQUPT/chiplab/IP/APB_DEV/NAND/nand.v:1022:62: Operator ASSIGNDLY expects 14 bits on the Assign RHS, but Assign RHS's COND generates 32 bits.
                                                                                               : ... note: In instance 'NAND_top'
 1022 |                                              WRITE_MAX_COUNT <= (NAND_OP_NUM>(op_scope-NAND_ADDR[10:0]))? (op_scope-NAND_ADDR[10:0]) : NAND_OP_NUM;
      |                                                              ^~
%Warning-WIDTHEXPAND: /nfs/home/wanghao/nscscc2026ByCQUPT/chiplab/IP/APB_DEV/NAND/nand.v:1029:87: Operator SUB expects 32 bits on the LHS, but LHS's VARREF 'op_scope' generates 14 bits.
                                                                                                : ... note: In instance 'NAND_top'
 1029 |                                              WRITE_MAX_COUNT <= (NAND_OP_NUM>(op_scope-NAND_ADDR[12:0]))? (op_scope-NAND_ADDR[12:0]) : NAND_OP_NUM; 
      |                                                                                       ^
%Warning-WIDTHEXPAND: /nfs/home/wanghao/nscscc2026ByCQUPT/chiplab/IP/APB_DEV/NAND/nand.v:1029:87: Operator SUB expects 32 bits on the RHS, but RHS's SEL generates 13 bits.
                                                                                                : ... note: In instance 'NAND_top'
 1029 |                                              WRITE_MAX_COUNT <= (NAND_OP_NUM>(op_scope-NAND_ADDR[12:0]))? (op_scope-NAND_ADDR[12:0]) : NAND_OP_NUM; 
      |                                                                                       ^
%Warning-WIDTHEXPAND: /nfs/home/wanghao/nscscc2026ByCQUPT/chiplab/IP/APB_DEV/NAND/nand.v:1029:116: Operator SUB expects 32 bits on the LHS, but LHS's VARREF 'op_scope' generates 14 bits.
                                                                                                 : ... note: In instance 'NAND_top'
 1029 |                                              WRITE_MAX_COUNT <= (NAND_OP_NUM>(op_scope-NAND_ADDR[12:0]))? (op_scope-NAND_ADDR[12:0]) : NAND_OP_NUM; 
      |                                                                                                                    ^
%Warning-WIDTHEXPAND: /nfs/home/wanghao/nscscc2026ByCQUPT/chiplab/IP/APB_DEV/NAND/nand.v:1029:116: Operator SUB expects 32 bits on the RHS, but RHS's SEL generates 13 bits.
                                                                                                 : ... note: In instance 'NAND_top'
 1029 |                                              WRITE_MAX_COUNT <= (NAND_OP_NUM>(op_scope-NAND_ADDR[12:0]))? (op_scope-NAND_ADDR[12:0]) : NAND_OP_NUM; 
      |                                                                                                                    ^
%Warning-WIDTHTRUNC: /nfs/home/wanghao/nscscc2026ByCQUPT/chiplab/IP/APB_DEV/NAND/nand.v:1029:62: Operator ASSIGNDLY expects 14 bits on the Assign RHS, but Assign RHS's COND generates 32 bits.
                                                                                               : ... note: In instance 'NAND_top'
 1029 |                                              WRITE_MAX_COUNT <= (NAND_OP_NUM>(op_scope-NAND_ADDR[12:0]))? (op_scope-NAND_ADDR[12:0]) : NAND_OP_NUM; 
      |                                                              ^~
%Warning-WIDTHEXPAND: /nfs/home/wanghao/nscscc2026ByCQUPT/chiplab/IP/APB_DEV/NAND/nand.v:1031:87: Operator SUB expects 32 bits on the LHS, but LHS's VARREF 'op_scope' generates 14 bits.
                                                                                                : ... note: In instance 'NAND_top'
 1031 |                                              WRITE_MAX_COUNT <= (NAND_OP_NUM>(op_scope-NAND_ADDR[6:0])) ? (op_scope-NAND_ADDR[6:0]) : NAND_OP_NUM;
      |                                                                                       ^
%Warning-WIDTHEXPAND: /nfs/home/wanghao/nscscc2026ByCQUPT/chiplab/IP/APB_DEV/NAND/nand.v:1031:87: Operator SUB expects 32 bits on the RHS, but RHS's SEL generates 7 bits.
                                                                                                : ... note: In instance 'NAND_top'
 1031 |                                              WRITE_MAX_COUNT <= (NAND_OP_NUM>(op_scope-NAND_ADDR[6:0])) ? (op_scope-NAND_ADDR[6:0]) : NAND_OP_NUM;
      |                                                                                       ^
%Warning-WIDTHEXPAND: /nfs/home/wanghao/nscscc2026ByCQUPT/chiplab/IP/APB_DEV/NAND/nand.v:1031:116: Operator SUB expects 32 bits on the LHS, but LHS's VARREF 'op_scope' generates 14 bits.
                                                                                                 : ... note: In instance 'NAND_top'
 1031 |                                              WRITE_MAX_COUNT <= (NAND_OP_NUM>(op_scope-NAND_ADDR[6:0])) ? (op_scope-NAND_ADDR[6:0]) : NAND_OP_NUM;
      |                                                                                                                    ^
%Warning-WIDTHEXPAND: /nfs/home/wanghao/nscscc2026ByCQUPT/chiplab/IP/APB_DEV/NAND/nand.v:1031:116: Operator SUB expects 32 bits on the RHS, but RHS's SEL generates 7 bits.
                                                                                                 : ... note: In instance 'NAND_top'
 1031 |                                              WRITE_MAX_COUNT <= (NAND_OP_NUM>(op_scope-NAND_ADDR[6:0])) ? (op_scope-NAND_ADDR[6:0]) : NAND_OP_NUM;
      |                                                                                                                    ^
%Warning-WIDTHTRUNC: /nfs/home/wanghao/nscscc2026ByCQUPT/chiplab/IP/APB_DEV/NAND/nand.v:1031:62: Operator ASSIGNDLY expects 14 bits on the Assign RHS, but Assign RHS's COND generates 32 bits.
                                                                                               : ... note: In instance 'NAND_top'
 1031 |                                              WRITE_MAX_COUNT <= (NAND_OP_NUM>(op_scope-NAND_ADDR[6:0])) ? (op_scope-NAND_ADDR[6:0]) : NAND_OP_NUM;
      |                                                              ^~
%Warning-WIDTHEXPAND: /nfs/home/wanghao/nscscc2026ByCQUPT/chiplab/IP/APB_DEV/NAND/nand.v:1033:87: Operator SUB expects 32 bits on the LHS, but LHS's VARREF 'op_scope' generates 14 bits.
                                                                                                : ... note: In instance 'NAND_top'
 1033 |                                              WRITE_MAX_COUNT <= (NAND_OP_NUM>(op_scope-NAND_ADDR[11:0]))? (op_scope-NAND_ADDR[11:0]) : NAND_OP_NUM;
      |                                                                                       ^
%Warning-WIDTHEXPAND: /nfs/home/wanghao/nscscc2026ByCQUPT/chiplab/IP/APB_DEV/NAND/nand.v:1033:87: Operator SUB expects 32 bits on the RHS, but RHS's SEL generates 12 bits.
                                                                                                : ... note: In instance 'NAND_top'
 1033 |                                              WRITE_MAX_COUNT <= (NAND_OP_NUM>(op_scope-NAND_ADDR[11:0]))? (op_scope-NAND_ADDR[11:0]) : NAND_OP_NUM;
      |                                                                                       ^
%Warning-WIDTHEXPAND: /nfs/home/wanghao/nscscc2026ByCQUPT/chiplab/IP/APB_DEV/NAND/nand.v:1033:116: Operator SUB expects 32 bits on the LHS, but LHS's VARREF 'op_scope' generates 14 bits.
                                                                                                 : ... note: In instance 'NAND_top'
 1033 |                                              WRITE_MAX_COUNT <= (NAND_OP_NUM>(op_scope-NAND_ADDR[11:0]))? (op_scope-NAND_ADDR[11:0]) : NAND_OP_NUM;
      |                                                                                                                    ^
%Warning-WIDTHEXPAND: /nfs/home/wanghao/nscscc2026ByCQUPT/chiplab/IP/APB_DEV/NAND/nand.v:1033:116: Operator SUB expects 32 bits on the RHS, but RHS's SEL generates 12 bits.
                                                                                                 : ... note: In instance 'NAND_top'
 1033 |                                              WRITE_MAX_COUNT <= (NAND_OP_NUM>(op_scope-NAND_ADDR[11:0]))? (op_scope-NAND_ADDR[11:0]) : NAND_OP_NUM;
      |                                                                                                                    ^
%Warning-WIDTHTRUNC: /nfs/home/wanghao/nscscc2026ByCQUPT/chiplab/IP/APB_DEV/NAND/nand.v:1033:62: Operator ASSIGNDLY expects 14 bits on the Assign RHS, but Assign RHS's COND generates 32 bits.
                                                                                               : ... note: In instance 'NAND_top'
 1033 |                                              WRITE_MAX_COUNT <= (NAND_OP_NUM>(op_scope-NAND_ADDR[11:0]))? (op_scope-NAND_ADDR[11:0]) : NAND_OP_NUM;
      |                                                              ^~
%Warning-WIDTHEXPAND: /nfs/home/wanghao/nscscc2026ByCQUPT/chiplab/IP/APB_DEV/NAND/nand.v:1042:88: Operator SUB expects 32 bits on the LHS, but LHS's VARREF 'op_scope' generates 14 bits.
                                                                                                : ... note: In instance 'NAND_top'
 1042 |                                               WRITE_MAX_COUNT <= (NAND_OP_NUM>(op_scope-NAND_ADDR[13:0]))? (op_scope-NAND_ADDR[13:0]) : NAND_OP_NUM; 
      |                                                                                        ^
%Warning-WIDTHEXPAND: /nfs/home/wanghao/nscscc2026ByCQUPT/chiplab/IP/APB_DEV/NAND/nand.v:1042:88: Operator SUB expects 32 bits on the RHS, but RHS's SEL generates 14 bits.
                                                                                                : ... note: In instance 'NAND_top'
 1042 |                                               WRITE_MAX_COUNT <= (NAND_OP_NUM>(op_scope-NAND_ADDR[13:0]))? (op_scope-NAND_ADDR[13:0]) : NAND_OP_NUM; 
      |                                                                                        ^
%Warning-WIDTHEXPAND: /nfs/home/wanghao/nscscc2026ByCQUPT/chiplab/IP/APB_DEV/NAND/nand.v:1042:117: Operator SUB expects 32 bits on the LHS, but LHS's VARREF 'op_scope' generates 14 bits.
                                                                                                 : ... note: In instance 'NAND_top'
 1042 |                                               WRITE_MAX_COUNT <= (NAND_OP_NUM>(op_scope-NAND_ADDR[13:0]))? (op_scope-NAND_ADDR[13:0]) : NAND_OP_NUM; 
      |                                                                                                                     ^
%Warning-WIDTHEXPAND: /nfs/home/wanghao/nscscc2026ByCQUPT/chiplab/IP/APB_DEV/NAND/nand.v:1042:117: Operator SUB expects 32 bits on the RHS, but RHS's SEL generates 14 bits.
                                                                                                 : ... note: In instance 'NAND_top'
 1042 |                                               WRITE_MAX_COUNT <= (NAND_OP_NUM>(op_scope-NAND_ADDR[13:0]))? (op_scope-NAND_ADDR[13:0]) : NAND_OP_NUM; 
      |                                                                                                                     ^
%Warning-WIDTHTRUNC: /nfs/home/wanghao/nscscc2026ByCQUPT/chiplab/IP/APB_DEV/NAND/nand.v:1042:63: Operator ASSIGNDLY expects 14 bits on the Assign RHS, but Assign RHS's COND generates 32 bits.
                                                                                               : ... note: In instance 'NAND_top'
 1042 |                                               WRITE_MAX_COUNT <= (NAND_OP_NUM>(op_scope-NAND_ADDR[13:0]))? (op_scope-NAND_ADDR[13:0]) : NAND_OP_NUM; 
      |                                                               ^~
%Warning-WIDTHEXPAND: /nfs/home/wanghao/nscscc2026ByCQUPT/chiplab/IP/APB_DEV/NAND/nand.v:1044:88: Operator SUB expects 32 bits on the LHS, but LHS's VARREF 'op_scope' generates 14 bits.
                                                                                                : ... note: In instance 'NAND_top'
 1044 |                                               WRITE_MAX_COUNT <= (NAND_OP_NUM>(op_scope-NAND_ADDR[7:0])) ? (op_scope-NAND_ADDR[7:0]) : NAND_OP_NUM;
      |                                                                                        ^
%Warning-WIDTHEXPAND: /nfs/home/wanghao/nscscc2026ByCQUPT/chiplab/IP/APB_DEV/NAND/nand.v:1044:88: Operator SUB expects 32 bits on the RHS, but RHS's SEL generates 8 bits.
                                                                                                : ... note: In instance 'NAND_top'
 1044 |                                               WRITE_MAX_COUNT <= (NAND_OP_NUM>(op_scope-NAND_ADDR[7:0])) ? (op_scope-NAND_ADDR[7:0]) : NAND_OP_NUM;
      |                                                                                        ^
%Warning-WIDTHEXPAND: /nfs/home/wanghao/nscscc2026ByCQUPT/chiplab/IP/APB_DEV/NAND/nand.v:1044:117: Operator SUB expects 32 bits on the LHS, but LHS's VARREF 'op_scope' generates 14 bits.
                                                                                                 : ... note: In instance 'NAND_top'
 1044 |                                               WRITE_MAX_COUNT <= (NAND_OP_NUM>(op_scope-NAND_ADDR[7:0])) ? (op_scope-NAND_ADDR[7:0]) : NAND_OP_NUM;
      |                                                                                                                     ^
%Warning-WIDTHEXPAND: /nfs/home/wanghao/nscscc2026ByCQUPT/chiplab/IP/APB_DEV/NAND/nand.v:1044:117: Operator SUB expects 32 bits on the RHS, but RHS's SEL generates 8 bits.
                                                                                                 : ... note: In instance 'NAND_top'
 1044 |                                               WRITE_MAX_COUNT <= (NAND_OP_NUM>(op_scope-NAND_ADDR[7:0])) ? (op_scope-NAND_ADDR[7:0]) : NAND_OP_NUM;
      |                                                                                                                     ^
%Warning-WIDTHTRUNC: /nfs/home/wanghao/nscscc2026ByCQUPT/chiplab/IP/APB_DEV/NAND/nand.v:1044:63: Operator ASSIGNDLY expects 14 bits on the Assign RHS, but Assign RHS's COND generates 32 bits.
                                                                                               : ... note: In instance 'NAND_top'
 1044 |                                               WRITE_MAX_COUNT <= (NAND_OP_NUM>(op_scope-NAND_ADDR[7:0])) ? (op_scope-NAND_ADDR[7:0]) : NAND_OP_NUM;
      |                                                               ^~
%Warning-WIDTHEXPAND: /nfs/home/wanghao/nscscc2026ByCQUPT/chiplab/IP/APB_DEV/NAND/nand.v:1046:88: Operator SUB expects 32 bits on the LHS, but LHS's VARREF 'op_scope' generates 14 bits.
                                                                                                : ... note: In instance 'NAND_top'
 1046 |                                               WRITE_MAX_COUNT <= (NAND_OP_NUM>(op_scope-NAND_ADDR[12:0]))? (op_scope-NAND_ADDR[12:0]) : NAND_OP_NUM;
      |                                                                                        ^
%Warning-WIDTHEXPAND: /nfs/home/wanghao/nscscc2026ByCQUPT/chiplab/IP/APB_DEV/NAND/nand.v:1046:88: Operator SUB expects 32 bits on the RHS, but RHS's SEL generates 13 bits.
                                                                                                : ... note: In instance 'NAND_top'
 1046 |                                               WRITE_MAX_COUNT <= (NAND_OP_NUM>(op_scope-NAND_ADDR[12:0]))? (op_scope-NAND_ADDR[12:0]) : NAND_OP_NUM;
      |                                                                                        ^
%Warning-WIDTHEXPAND: /nfs/home/wanghao/nscscc2026ByCQUPT/chiplab/IP/APB_DEV/NAND/nand.v:1046:117: Operator SUB expects 32 bits on the LHS, but LHS's VARREF 'op_scope' generates 14 bits.
                                                                                                 : ... note: In instance 'NAND_top'
 1046 |                                               WRITE_MAX_COUNT <= (NAND_OP_NUM>(op_scope-NAND_ADDR[12:0]))? (op_scope-NAND_ADDR[12:0]) : NAND_OP_NUM;
      |                                                                                                                     ^
%Warning-WIDTHEXPAND: /nfs/home/wanghao/nscscc2026ByCQUPT/chiplab/IP/APB_DEV/NAND/nand.v:1046:117: Operator SUB expects 32 bits on the RHS, but RHS's SEL generates 13 bits.
                                                                                                 : ... note: In instance 'NAND_top'
 1046 |                                               WRITE_MAX_COUNT <= (NAND_OP_NUM>(op_scope-NAND_ADDR[12:0]))? (op_scope-NAND_ADDR[12:0]) : NAND_OP_NUM;
      |                                                                                                                     ^
%Warning-WIDTHTRUNC: /nfs/home/wanghao/nscscc2026ByCQUPT/chiplab/IP/APB_DEV/NAND/nand.v:1046:63: Operator ASSIGNDLY expects 14 bits on the Assign RHS, but Assign RHS's COND generates 32 bits.
                                                                                               : ... note: In instance 'NAND_top'
 1046 |                                               WRITE_MAX_COUNT <= (NAND_OP_NUM>(op_scope-NAND_ADDR[12:0]))? (op_scope-NAND_ADDR[12:0]) : NAND_OP_NUM;
      |                                                               ^~
%Warning-WIDTHEXPAND: /nfs/home/wanghao/nscscc2026ByCQUPT/chiplab/IP/APB_DEV/NAND/nand.v:1060:132: Operator SUB expects 14 bits on the RHS, but RHS's CONST '3'h4' generates 3 bits.
                                                                                                 : ... note: In instance 'NAND_top'
 1060 |                                     else if(DMA_OP_DONE&&~NAND_HIT&&ADDR_pointer==2'h3&&WAIT_NUM==2&&(data_count < (WRITE_MAX_COUNT-3'h4)))
      |                                                                                                                                    ^
%Warning-WIDTHEXPAND: /nfs/home/wanghao/nscscc2026ByCQUPT/chiplab/IP/APB_DEV/NAND/nand.v:1094:84: Operator SUB expects 32 bits on the RHS, but RHS's CONST '3'h4' generates 3 bits.
                                                                                                : ... note: In instance 'NAND_top'
 1094 |                                                         NAND_OP_NUM <= NAND_OP_NUM - 3'b100; 
      |                                                                                    ^
%Warning-WIDTHEXPAND: /nfs/home/wanghao/nscscc2026ByCQUPT/chiplab/IP/APB_DEV/NAND/nand.v:1100:83: Operator ADD expects 14 bits on the RHS, but RHS's CONST '3'h4' generates 3 bits.
                                                                                                : ... note: In instance 'NAND_top'
 1100 |                                                         data_count  <= data_count + 3'b100;
      |                                                                                   ^
%Warning-WIDTHEXPAND: /nfs/home/wanghao/nscscc2026ByCQUPT/chiplab/IP/APB_DEV/NAND/nand.v:1087:57: Operator EQ expects 8 bits on the RHS, but RHS's CONST '1'h1' generates 1 bits.
                                                                                                : ... note: In instance 'NAND_top'
 1087 |                                      else  if((WAIT_NUM == 1'b1)&&DMA_OP_DONE) begin
      |                                                         ^~
%Warning-WIDTHEXPAND: /nfs/home/wanghao/nscscc2026ByCQUPT/chiplab/IP/APB_DEV/NAND/nand.v:1073:56: Operator GT expects 8 bits on the RHS, but RHS's CONST '1'h1' generates 1 bits.
                                                                                                : ... note: In instance 'NAND_top'
 1073 |                                     else if ((WAIT_NUM > 1'b1) && DMA_OP_DONE) begin
      |                                                        ^
%Warning-WIDTHEXPAND: /nfs/home/wanghao/nscscc2026ByCQUPT/chiplab/IP/APB_DEV/NAND/nand.v:1135:67: Operator ADD expects 8 bits on the RHS, but RHS's CONST '2'h3' generates 2 bits.
                                                                                                : ... note: In instance 'NAND_top'
 1135 |                                      WAIT_NUM  <= nand_timing[7:0]+2'b11;
      |                                                                   ^
%Warning-WIDTHTRUNC: /nfs/home/wanghao/nscscc2026ByCQUPT/chiplab/IP/APB_DEV/NAND/nand.v:1207:46: Logical operator LOGAND expects 1 bit on the LHS, but LHS's VARREF 'WAIT_NUM' generates 8 bits.
                                                                                               : ... note: In instance 'NAND_top'
 1207 |                             else if(WAIT_NUM && WAIT_NUM >1 ) begin
      |                                              ^~
%Warning-WIDTHEXPAND: /nfs/home/wanghao/nscscc2026ByCQUPT/chiplab/IP/APB_DEV/NAND/nand.v:1292:74: Operator ADD expects 8 bits on the RHS, but RHS's CONST '2'h3' generates 2 bits.
                                                                                                : ... note: In instance 'NAND_top'
 1292 |                                             WAIT_NUM  <= nand_timing[7:0]+2'b11;
      |                                                                          ^
%Warning-WIDTHEXPAND: /nfs/home/wanghao/nscscc2026ByCQUPT/chiplab/IP/APB_DEV/NAND/nand.v:1302:55: Operator ASSIGNDLY expects 38 bits on the Assign RHS, but Assign RHS's CONST '36'h0' generates 36 bits.
                                                                                                : ... note: In instance 'NAND_top'
 1302 |                                           NAND_ADDR   <= 36'h0;
      |                                                       ^~
%Warning-WIDTHEXPAND: /nfs/home/wanghao/nscscc2026ByCQUPT/chiplab/IP/APB_DEV/NAND/nand.v:1408:63: Operator ADD expects 8 bits on the RHS, but RHS's CONST '2'h3' generates 2 bits.
                                                                                                : ... note: In instance 'NAND_top'
 1408 |                                  WAIT_NUM  <= nand_timing[7:0]+2'b11;
      |                                                               ^
%Warning-WIDTHEXPAND: ../testbench/simu_top.v:137:21: Operator ASSIGNW expects 128 bits on the Assign RHS, but Assign RHS's REPLICATE generates 104 bits.
                                                    : ... note: In instance 'simu_top'
  137 | assign uart_ctr_bus = {
      |                     ^
%Warning-UNUSEDSIGNAL: /nfs/home/wanghao/nscscc2026ByCQUPT/chiplab/IP/APB_DEV/URT/uart_top.v:52:19: Bits of signal are not used: 'PADDR'[7:4]
                                                                                                  : ... note: In instance 'simu_top.soc.APB_DEV.uart0'
   52 | input   [7:0]     PADDR;
      |                   ^~~~~
                       ... For warning description see https://verilator.org/warn/UNUSEDSIGNAL?v=5.044
                       ... Use "/* verilator lint_off UNUSEDSIGNAL */" and lint_on around source to disable this message.
%Warning-UNUSEDSIGNAL: /nfs/home/wanghao/nscscc2026ByCQUPT/chiplab/IP/APB_DEV/NAND/nand.v:111:15: Signal is not used: 'nand_dma_ack_i'
                                                                                                : ... note: In instance 'NAND_top'
  111 | wire          nand_dma_ack_i;
      |               ^~~~~~~~~~~~~~
%Warning-UNUSEDSIGNAL: /nfs/home/wanghao/nscscc2026ByCQUPT/chiplab/IP/APB_DEV/NAND/nand.v:382:9: Signal is not used: 'NAND_ACK'
                                                                                               : ... note: In instance 'NAND_top'
  382 | reg     NAND_ACK;
      |         ^~~~~~~~
%Warning-UNUSEDSIGNAL: /nfs/home/wanghao/nscscc2026ByCQUPT/chiplab/chip/soc_demo/sim/soc_top.v:302:14: Signal is not used: 'reset'
                                                                                                     : ... note: In instance 'simu_top.soc'
  302 | wire         reset      ;
      |              ^~~~~
                       ../testbench/simu_top.v:92:1: ... note: In file included from 'simu_top.v'
%Warning-UNUSEDSIGNAL: /nfs/home/wanghao/nscscc2026ByCQUPT/chiplab/chip/soc_demo/sim/soc_top.v:310:18: Signal is not used: 'UART_RTS'
                                                                                                     : ... note: In instance 'simu_top.soc'
  310 | wire UART_CTS,   UART_RTS;
      |                  ^~~~~~~~
                       ../testbench/simu_top.v:92:1: ... note: In file included from 'simu_top.v'
%Warning-UNUSEDSIGNAL: /nfs/home/wanghao/nscscc2026ByCQUPT/chiplab/chip/soc_demo/sim/soc_top.v:311:6: Signal is not used: 'UART_DTR'
                                                                                                    : ... note: In instance 'simu_top.soc'
  311 | wire UART_DTR,   UART_DSR;
      |      ^~~~~~~~
                       ../testbench/simu_top.v:92:1: ... note: In file included from 'simu_top.v'
%Warning-UNDRIVEN: /nfs/home/wanghao/nscscc2026ByCQUPT/chiplab/chip/soc_demo/sim/soc_top.v:312:6: Signal is not driven: 'UART_RI'
                                                                                                : ... note: In instance 'simu_top.soc'
  312 | wire UART_RI,    UART_DCD;
      |      ^~~~~~~
                   ../testbench/simu_top.v:92:1: ... note: In file included from 'simu_top.v'
                   ... For warning description see https://verilator.org/warn/UNDRIVEN?v=5.044
                   ... Use "/* verilator lint_off UNDRIVEN */" and lint_on around source to disable this message.
%Warning-UNUSEDSIGNAL: /nfs/home/wanghao/nscscc2026ByCQUPT/chiplab/IP/myCPU/mycpu_top.v:1005:17: Signal is not used: 'intrpt'
                                                                                               : ... note: In instance 'simu_top.soc.cpu'
 1005 |   input  [7:0]  intrpt,  
      |                 ^~~~~~
%Warning-UNUSEDSIGNAL: /nfs/home/wanghao/nscscc2026ByCQUPT/chiplab/IP/myCPU/mycpu_top.v:1042:17: Signal is not used: 'break_point'
                                                                                               : ... note: In instance 'simu_top.soc.cpu'
 1042 |   input         break_point,  
      |                 ^~~~~~~~~~~
%Warning-UNUSEDSIGNAL: /nfs/home/wanghao/nscscc2026ByCQUPT/chiplab/IP/myCPU/mycpu_top.v:1043:17: Signal is not used: 'infor_flag'
                                                                                               : ... note: In instance 'simu_top.soc.cpu'
 1043 |   input         infor_flag,  
      |                 ^~~~~~~~~~
%Warning-UNUSEDSIGNAL: /nfs/home/wanghao/nscscc2026ByCQUPT/chiplab/IP/myCPU/mycpu_top.v:1044:17: Signal is not used: 'reg_num'
                                                                                               : ... note: In instance 'simu_top.soc.cpu'
 1044 |   input  [4:0]  reg_num,  
      |                 ^~~~~~~
%Warning-UNUSEDSIGNAL: /nfs/home/wanghao/nscscc2026ByCQUPT/chiplab/IP/myCPU/mycpu_top.v:1273:15: Signal is not used: 'icache_io_cpu_if_resp_data'
                                                                                               : ... note: In instance 'simu_top.soc.cpu'
 1273 |   wire [31:0] icache_io_cpu_if_resp_data;  
      |               ^~~~~~~~~~~~~~~~~~~~~~~~~~
%Warning-UNUSEDSIGNAL: /nfs/home/wanghao/nscscc2026ByCQUPT/chiplab/IP/myCPU/mycpu_top.v:1274:9: Signal is not used: 'icache_io_cpu_if_resp_valid'
                                                                                              : ... note: In instance 'simu_top.soc.cpu'
 1274 |   wire  icache_io_cpu_if_resp_valid;  
      |         ^~~~~~~~~~~~~~~~~~~~~~~~~~~
%Warning-UNUSEDSIGNAL: /nfs/home/wanghao/nscscc2026ByCQUPT/chiplab/IP/myCPU/mycpu_top.v:1315:15: Signal is not used: 'dcache_io_cpu_if_resp_data'
                                                                                               : ... note: In instance 'simu_top.soc.cpu'
 1315 |   wire [31:0] dcache_io_cpu_if_resp_data;  
      |               ^~~~~~~~~~~~~~~~~~~~~~~~~~
%Warning-UNUSEDSIGNAL: /nfs/home/wanghao/nscscc2026ByCQUPT/chiplab/IP/myCPU/mycpu_top.v:1316:9: Signal is not used: 'dcache_io_cpu_if_resp_valid'
                                                                                              : ... note: In instance 'simu_top.soc.cpu'
 1316 |   wire  dcache_io_cpu_if_resp_valid;  
      |         ^~~~~~~~~~~~~~~~~~~~~~~~~~~
%Warning-UNUSEDSIGNAL: /nfs/home/wanghao/nscscc2026ByCQUPT/chiplab/IP/myCPU/mycpu_top.v:1357:15: Signal is not used: 'uncache1_io_cpu_if_resp_data'
                                                                                               : ... note: In instance 'simu_top.soc.cpu'
 1357 |   wire [31:0] uncache1_io_cpu_if_resp_data;  
      |               ^~~~~~~~~~~~~~~~~~~~~~~~~~~~
%Warning-UNUSEDSIGNAL: /nfs/home/wanghao/nscscc2026ByCQUPT/chiplab/IP/myCPU/mycpu_top.v:1358:9: Signal is not used: 'uncache1_io_cpu_if_resp_valid'
                                                                                              : ... note: In instance 'simu_top.soc.cpu'
 1358 |   wire  uncache1_io_cpu_if_resp_valid;  
      |         ^~~~~~~~~~~~~~~~~~~~~~~~~~~~~
%Warning-UNUSEDSIGNAL: /nfs/home/wanghao/nscscc2026ByCQUPT/chiplab/IP/myCPU/mycpu_top.v:1399:15: Signal is not used: 'uncache2_io_cpu_if_resp_data'
                                                                                               : ... note: In instance 'simu_top.soc.cpu'
 1399 |   wire [31:0] uncache2_io_cpu_if_resp_data;  
      |               ^~~~~~~~~~~~~~~~~~~~~~~~~~~~
%Warning-UNUSEDSIGNAL: /nfs/home/wanghao/nscscc2026ByCQUPT/chiplab/IP/myCPU/mycpu_top.v:1400:9: Signal is not used: 'uncache2_io_cpu_if_resp_valid'
                                                                                              : ... note: In instance 'simu_top.soc.cpu'
 1400 |   wire  uncache2_io_cpu_if_resp_valid;  
      |         ^~~~~~~~~~~~~~~~~~~~~~~~~~~~~
%Warning-UNUSEDSIGNAL: /nfs/home/wanghao/nscscc2026ByCQUPT/chiplab/IP/AMBA/axi_mux_sim.v:263:21: Signal is not used: 'spi_boot'
                                                                                               : ... note: In instance 'simu_top.soc.AXI_SLAVE_MUX'
  263 | input               spi_boot;
      |                     ^~~~~~~~
%Warning-UNUSEDSIGNAL: /nfs/home/wanghao/nscscc2026ByCQUPT/chiplab/IP/AMBA/axi_mux_sim.v:746:11: Signal is not driven, nor used: 'BASE_ADDR'
                                                                                               : ... note: In instance 'simu_top.soc.AXI_SLAVE_MUX'
  746 | wire [4:0]BASE_ADDR [5-1:0];
      |           ^~~~~~~~~
%Warning-UNUSEDSIGNAL: /nfs/home/wanghao/nscscc2026ByCQUPT/chiplab/IP/AMBA/axi_mux_sim.v:752:11: Signal is not driven, nor used: 'rd_sel_group_0'
                                                                                               : ... note: In instance 'simu_top.soc.AXI_SLAVE_MUX'
  752 | wire [2:0]rd_sel_group_0;
      |           ^~~~~~~~~~~~~~
%Warning-UNUSEDSIGNAL: /nfs/home/wanghao/nscscc2026ByCQUPT/chiplab/IP/AMBA/axi_mux_sim.v:753:11: Signal is not driven, nor used: 'rd_sel_group_1'
                                                                                               : ... note: In instance 'simu_top.soc.AXI_SLAVE_MUX'
  753 | wire [2:0]rd_sel_group_1;
      |           ^~~~~~~~~~~~~~
%Warning-UNUSEDSIGNAL: /nfs/home/wanghao/nscscc2026ByCQUPT/chiplab/IP/AMBA/axi_mux_sim.v:754:11: Signal is not used: 'rd_valid_group_0'
                                                                                               : ... note: In instance 'simu_top.soc.AXI_SLAVE_MUX'
  754 | wire [2:0]rd_valid_group_0;
      |           ^~~~~~~~~~~~~~~~
%Warning-UNUSEDSIGNAL: /nfs/home/wanghao/nscscc2026ByCQUPT/chiplab/IP/AMBA/axi_mux_sim.v:755:11: Signal is not used: 'rd_valid_group_1'
                                                                                               : ... note: In instance 'simu_top.soc.AXI_SLAVE_MUX'
  755 | wire [2:0]rd_valid_group_1;
      |           ^~~~~~~~~~~~~~~~
%Warning-UNUSEDSIGNAL: /nfs/home/wanghao/nscscc2026ByCQUPT/chiplab/IP/AMBA/axi_mux_sim.v:926:11: Signal is not used: 'rd_data_pre_sel'
                                                                                               : ... note: In instance 'simu_top.soc.AXI_SLAVE_MUX'
  926 | reg [2:0] rd_data_pre_sel;
      |           ^~~~~~~~~~~~~~~
%Warning-UNUSEDSIGNAL: /nfs/home/wanghao/nscscc2026ByCQUPT/chiplab/IP/AMBA/axi_mux_sim.v:929:11: Signal is not driven, nor used: 'rd_addr_hit_int'
                                                                                               : ... note: In instance 'simu_top.soc.AXI_SLAVE_MUX'
  929 | integer   rd_addr_hit_int;
      |           ^~~~~~~~~~~~~~~
%Warning-UNUSEDPARAM: /nfs/home/wanghao/nscscc2026ByCQUPT/chiplab/IP/APB_DEV/apb_dev_top_no_nand.v:109:11: Parameter is not used: 'L_ADDR'
                                                                                                         : ... note: In instance 'simu_top.soc.APB_DEV'
  109 |           L_ADDR = 64,
      |           ^~~~~~
                      ... For warning description see https://verilator.org/warn/UNUSEDPARAM?v=5.044
                      ... Use "/* verilator lint_off UNUSEDPARAM */" and lint_on around source to disable this message.
%Warning-UNUSEDPARAM: /nfs/home/wanghao/nscscc2026ByCQUPT/chiplab/IP/APB_DEV/apb_dev_top_no_nand.v:110:11: Parameter is not used: 'L_ID'
                                                                                                         : ... note: In instance 'simu_top.soc.APB_DEV'
  110 |           L_ID   = 8,
      |           ^~~~
%Warning-UNUSEDPARAM: /nfs/home/wanghao/nscscc2026ByCQUPT/chiplab/IP/APB_DEV/apb_dev_top_no_nand.v:111:11: Parameter is not used: 'L_DATA'
                                                                                                         : ... note: In instance 'simu_top.soc.APB_DEV'
  111 |           L_DATA = 128,
      |           ^~~~~~
%Warning-UNUSEDPARAM: /nfs/home/wanghao/nscscc2026ByCQUPT/chiplab/IP/APB_DEV/apb_dev_top_no_nand.v:112:11: Parameter is not used: 'L_MASK'
                                                                                                         : ... note: In instance 'simu_top.soc.APB_DEV'
  112 |           L_MASK = 16;
      |           ^~~~~~
%Warning-UNUSEDSIGNAL: /nfs/home/wanghao/nscscc2026ByCQUPT/chiplab/IP/APB_DEV/apb_dev_top_no_nand.v:183:9: Signal is not used: 'nand_dma_ack_i'
                                                                                                         : ... note: In instance 'simu_top.soc.APB_DEV'
  183 | assign  nand_dma_ack_i = dma_ack_i; 
      |         ^~~~~~~~~~~~~~
%Warning-UNUSEDSIGNAL: /nfs/home/wanghao/nscscc2026ByCQUPT/chiplab/IP/APB_DEV/apb_dev_top_no_nand.v:192:25: Signal is not used: 'apb_clk_cpu'
                                                                                                          : ... note: In instance 'simu_top.soc.APB_DEV'
  192 | wire                    apb_clk_cpu;
      |                         ^~~~~~~~~~~
%Warning-UNUSEDSIGNAL: /nfs/home/wanghao/nscscc2026ByCQUPT/chiplab/IP/APB_DEV/apb_dev_top_no_nand.v:193:25: Signal is not used: 'apb_reset_n_cpu'
                                                                                                          : ... note: In instance 'simu_top.soc.APB_DEV'
  193 | wire                    apb_reset_n_cpu; 
      |                         ^~~~~~~~~~~~~~~
%Warning-UNUSEDSIGNAL: /nfs/home/wanghao/nscscc2026ByCQUPT/chiplab/IP/APB_DEV/apb_dev_top_no_nand.v:205:25: Signal is not driven, nor used: 'apb_clk_dma'
                                                                                                          : ... note: In instance 'simu_top.soc.APB_DEV'
  205 | wire                    apb_clk_dma;
      |                         ^~~~~~~~~~~
%Warning-UNUSEDSIGNAL: /nfs/home/wanghao/nscscc2026ByCQUPT/chiplab/IP/APB_DEV/apb_dev_top_no_nand.v:206:25: Signal is not driven, nor used: 'apb_reset_n_dma'
                                                                                                          : ... note: In instance 'simu_top.soc.APB_DEV'
  206 | wire                    apb_reset_n_dma; 
      |                         ^~~~~~~~~~~~~~~
%Warning-UNUSEDSIGNAL: /nfs/home/wanghao/nscscc2026ByCQUPT/chiplab/IP/APB_DEV/apb_dev_top_no_nand.v:208:21: Signal is not used: 'apb_uart0_req'
                                                                                                          : ... note: In instance 'simu_top.soc.APB_DEV'
  208 | wire                apb_uart0_req;
      |                     ^~~~~~~~~~~~~
%Warning-UNUSEDSIGNAL: /nfs/home/wanghao/nscscc2026ByCQUPT/chiplab/IP/APB_DEV/apb_dev_top_no_nand.v:213:23: Bits of signal are not used: 'apb_uart0_addr'[19:8]
                                                                                                          : ... note: In instance 'simu_top.soc.APB_DEV'
  213 | wire  [ADDR_APB -1:0] apb_uart0_addr;
      |                       ^~~~~~~~~~~~~~
%Warning-UNUSEDSIGNAL: /nfs/home/wanghao/nscscc2026ByCQUPT/chiplab/IP/APB_DEV/apb_dev_top_no_nand.v:217:21: Signal is not driven, nor used: 'apb_nand_req'
                                                                                                          : ... note: In instance 'simu_top.soc.APB_DEV'
  217 | wire                apb_nand_req; 
      |                     ^~~~~~~~~~~~
%Warning-UNUSEDSIGNAL: /nfs/home/wanghao/nscscc2026ByCQUPT/chiplab/IP/APB_DEV/apb_dev_top_no_nand.v:218:21: Signal is not driven, nor used: 'apb_nand_ack'
                                                                                                          : ... note: In instance 'simu_top.soc.APB_DEV'
  218 | wire                apb_nand_ack; 
      |                     ^~~~~~~~~~~~
%Warning-UNUSEDSIGNAL: /nfs/home/wanghao/nscscc2026ByCQUPT/chiplab/IP/APB_DEV/apb_dev_top_no_nand.v:219:21: Signal is not driven, nor used: 'apb_nand_rw'
                                                                                                          : ... note: In instance 'simu_top.soc.APB_DEV'
  219 | wire                apb_nand_rw; 
      |                     ^~~~~~~~~~~
%Warning-UNUSEDSIGNAL: /nfs/home/wanghao/nscscc2026ByCQUPT/chiplab/IP/APB_DEV/apb_dev_top_no_nand.v:220:21: Signal is not driven, nor used: 'apb_nand_enab'
                                                                                                          : ... note: In instance 'simu_top.soc.APB_DEV'
  220 | wire                apb_nand_enab; 
      |                     ^~~~~~~~~~~~~
%Warning-UNUSEDSIGNAL: /nfs/home/wanghao/nscscc2026ByCQUPT/chiplab/IP/APB_DEV/apb_dev_top_no_nand.v:221:21: Signal is not driven, nor used: 'apb_nand_psel'
                                                                                                          : ... note: In instance 'simu_top.soc.APB_DEV'
  221 | wire                apb_nand_psel; 
      |                     ^~~~~~~~~~~~~
%Warning-UNUSEDSIGNAL: /nfs/home/wanghao/nscscc2026ByCQUPT/chiplab/IP/APB_DEV/apb_dev_top_no_nand.v:222:23: Signal is not driven, nor used: 'apb_nand_addr'
                                                                                                          : ... note: In instance 'simu_top.soc.APB_DEV'
  222 | wire  [ADDR_APB -1:0] apb_nand_addr; 
      |                       ^~~~~~~~~~~~~
%Warning-UNUSEDSIGNAL: /nfs/home/wanghao/nscscc2026ByCQUPT/chiplab/IP/APB_DEV/apb_dev_top_no_nand.v:223:21: Signal is not driven, nor used: 'apb_nand_datai'
                                                                                                          : ... note: In instance 'simu_top.soc.APB_DEV'
  223 | wire  [31:0]        apb_nand_datai; 
      |                     ^~~~~~~~~~~~~~
%Warning-UNUSEDSIGNAL: /nfs/home/wanghao/nscscc2026ByCQUPT/chiplab/IP/APB_DEV/apb_dev_top_no_nand.v:224:21: Signal is not driven, nor used: 'apb_nand_datao'
                                                                                                          : ... note: In instance 'simu_top.soc.APB_DEV'
  224 | wire  [31:0]        apb_nand_datao; 
      |                     ^~~~~~~~~~~~~~
%Warning-UNUSEDPARAM: /nfs/home/wanghao/nscscc2026ByCQUPT/chiplab/IP/AXI_DELAY_RAND/soc_axi_delay_rand.v:8:17: Parameter is not used: 'CPU_WIDTH'
                                                                                                             : ... note: In instance 'simu_top.soc.delay'
    8 |     parameter   CPU_WIDTH  = 32
      |                 ^~~~~~~~~
%Warning-UNUSEDSIGNAL: /nfs/home/wanghao/nscscc2026ByCQUPT/chiplab/IP/AXI_DELAY_RAND/soc_axi_delay_rand.v:100:13: Signal is not used: 'mask_no_delay'
                                                                                                                : ... note: In instance 'simu_top.soc.delay'
  100 | reg         mask_no_delay   ;
      |             ^~~~~~~~~~~~~
%Warning-UNUSEDSIGNAL: /nfs/home/wanghao/nscscc2026ByCQUPT/chiplab/IP/AXI_DELAY_RAND/soc_axi_delay_rand.v:106:13: Signal is not used: 'mask_short_delay'
                                                                                                                : ... note: In instance 'simu_top.soc.delay'
  106 | reg         mask_short_delay;
      |             ^~~~~~~~~~~~~~~~
%Warning-UNUSEDPARAM: /nfs/home/wanghao/nscscc2026ByCQUPT/chiplab/IP/AXI_SRAM_BRIDGE/soc_axi_sram_bridge.v:8:17: Parameter is not used: 'CPU_WIDTH'
                                                                                                               : ... note: In instance 'simu_top.soc.sram_axi_ram'
    8 |     parameter   CPU_WIDTH  = 32
      |                 ^~~~~~~~~
%Warning-UNUSEDSIGNAL: /nfs/home/wanghao/nscscc2026ByCQUPT/chiplab/IP/AXI_SRAM_BRIDGE/soc_axi_sram_bridge.v:21:37: Signal is not used: 'm_arcache'
                                                                                                                 : ... note: In instance 'simu_top.soc.sram_axi_ram'
   21 |     input  wire [3              :0] m_arcache,
      |                                     ^~~~~~~~~
%Warning-UNUSEDSIGNAL: /nfs/home/wanghao/nscscc2026ByCQUPT/chiplab/IP/AXI_SRAM_BRIDGE/soc_axi_sram_bridge.v:24:37: Signal is not used: 'm_arlock'
                                                                                                                 : ... note: In instance 'simu_top.soc.sram_axi_ram'
   24 |     input  wire [1              :0] m_arlock ,
      |                                     ^~~~~~~~
%Warning-UNUSEDSIGNAL: /nfs/home/wanghao/nscscc2026ByCQUPT/chiplab/IP/AXI_SRAM_BRIDGE/soc_axi_sram_bridge.v:25:37: Signal is not used: 'm_arprot'
                                                                                                                 : ... note: In instance 'simu_top.soc.sram_axi_ram'
   25 |     input  wire [2              :0] m_arprot ,
      |                                     ^~~~~~~~
%Warning-UNUSEDSIGNAL: /nfs/home/wanghao/nscscc2026ByCQUPT/chiplab/IP/AXI_SRAM_BRIDGE/soc_axi_sram_bridge.v:31:37: Signal is not used: 'm_awcache'
                                                                                                                 : ... note: In instance 'simu_top.soc.sram_axi_ram'
   31 |     input  wire [3              :0] m_awcache,
      |                                     ^~~~~~~~~
%Warning-UNUSEDSIGNAL: /nfs/home/wanghao/nscscc2026ByCQUPT/chiplab/IP/AXI_SRAM_BRIDGE/soc_axi_sram_bridge.v:34:37: Signal is not used: 'm_awlock'
                                                                                                                 : ... note: In instance 'simu_top.soc.sram_axi_ram'
   34 |     input  wire [1              :0] m_awlock ,
      |                                     ^~~~~~~~
%Warning-UNUSEDSIGNAL: /nfs/home/wanghao/nscscc2026ByCQUPT/chiplab/IP/AXI_SRAM_BRIDGE/soc_axi_sram_bridge.v:35:37: Signal is not used: 'm_awprot'
                                                                                                                 : ... note: In instance 'simu_top.soc.sram_axi_ram'
   35 |     input  wire [2              :0] m_awprot ,
      |                                     ^~~~~~~~
%Warning-UNUSEDSIGNAL: /nfs/home/wanghao/nscscc2026ByCQUPT/chiplab/IP/AXI_SRAM_BRIDGE/soc_axi_sram_bridge.v:50:37: Signal is not used: 'm_wid'
                                                                                                                 : ... note: In instance 'simu_top.soc.sram_axi_ram'
   50 |     input  wire [3              :0] m_wid    ,
      |                                     ^~~~~
%Warning-UNUSEDSIGNAL: /nfs/home/wanghao/nscscc2026ByCQUPT/chiplab/IP/AXI_SRAM_BRIDGE/soc_axi_sram_bridge.v:58:29: Signal is not used: 'ram_r_a_data'
                                                                                                                 : ... note: In instance 'simu_top.soc.sram_axi_ram'
   58 | wire [BUS_WIDTH+13-1    :0] ram_r_a_data               ;
      |                             ^~~~~~~~~~~~
%Warning-UNUSEDSIGNAL: /nfs/home/wanghao/nscscc2026ByCQUPT/chiplab/IP/AXI_SRAM_BRIDGE/soc_axi_sram_bridge.v:92:29: Signal is not used: 'ram_r_data'
                                                                                                                 : ... note: In instance 'simu_top.soc.sram_axi_ram'
   92 | wire [DATA_WIDTH-1      :0] ram_r_data                 ;
      |                             ^~~~~~~~~~
%Warning-UNUSEDSIGNAL: /nfs/home/wanghao/nscscc2026ByCQUPT/chiplab/IP/AXI_SRAM_BRIDGE/soc_axi_sram_bridge.v:99:29: Signal is not used: 'ram_w_a_data'
                                                                                                                 : ... note: In instance 'simu_top.soc.sram_axi_ram'
   99 | wire [BUS_WIDTH+13-1    :0] ram_w_a_data               ;
      |                             ^~~~~~~~~~~~
%Warning-UNUSEDPARAM: /nfs/home/wanghao/nscscc2026ByCQUPT/chiplab/IP/CONFREG/confreg_sim.v:108:17: Parameter is not used: 'CPU_WIDTH'
                                                                                                 : ... note: In instance 'simu_top.soc.confreg'
  108 |     parameter   CPU_WIDTH  = 32
      |                 ^~~~~~~~~
%Warning-UNUSEDSIGNAL: /nfs/home/wanghao/nscscc2026ByCQUPT/chiplab/IP/CONFREG/confreg_sim.v:117:34: Bits of signal are not used: 'conf_raddr'[31:29]
                                                                                                  : ... note: In instance 'simu_top.soc.confreg'
  117 |  input      [BUS_WIDTH-1:0]      conf_raddr,    
      |                                  ^~~~~~~~~~
%Warning-UNUSEDSIGNAL: /nfs/home/wanghao/nscscc2026ByCQUPT/chiplab/IP/CONFREG/confreg_sim.v:118:34: Bits of signal are not used: 'conf_waddr'[31:16]
                                                                                                  : ... note: In instance 'simu_top.soc.confreg'
  118 |  input      [BUS_WIDTH-1:0]      conf_waddr,    
      |                                  ^~~~~~~~~~
%Warning-UNUSEDSIGNAL: /nfs/home/wanghao/nscscc2026ByCQUPT/chiplab/IP/CONFREG/confreg_sim.v:150:17: Signal is not used: 'confreg_uart_valid'
                                                                                                  : ... note: In instance 'simu_top.soc.confreg'
  150 |     reg         confreg_uart_valid;
      |                 ^~~~~~~~~~~~~~~~~~
%Warning-UNUSEDSIGNAL: /nfs/home/wanghao/nscscc2026ByCQUPT/chiplab/IP/myCPU/mycpu_top.v:338:17: Signal is not used: 'io_axi_master_aw_awready'
                                                                                              : ... note: In instance 'simu_top.soc.cpu.uncache2'
  338 |   input         io_axi_master_aw_awready,  
      |                 ^~~~~~~~~~~~~~~~~~~~~~~~
%Warning-UNUSEDSIGNAL: /nfs/home/wanghao/nscscc2026ByCQUPT/chiplab/IP/myCPU/mycpu_top.v:344:17: Signal is not used: 'io_axi_master_w_wready'
                                                                                              : ... note: In instance 'simu_top.soc.cpu.uncache2'
  344 |   input         io_axi_master_w_wready,  
      |                 ^~~~~~~~~~~~~~~~~~~~~~
%Warning-UNUSEDSIGNAL: /nfs/home/wanghao/nscscc2026ByCQUPT/chiplab/IP/myCPU/mycpu_top.v:345:17: Signal is not used: 'io_axi_master_r_in_rid'
                                                                                              : ... note: In instance 'simu_top.soc.cpu.uncache2'
  345 |   input  [3:0]  io_axi_master_r_in_rid,  
      |                 ^~~~~~~~~~~~~~~~~~~~~~
%Warning-UNUSEDSIGNAL: /nfs/home/wanghao/nscscc2026ByCQUPT/chiplab/IP/myCPU/mycpu_top.v:347:17: Signal is not used: 'io_axi_master_r_in_rresp'
                                                                                              : ... note: In instance 'simu_top.soc.cpu.uncache2'
  347 |   input  [1:0]  io_axi_master_r_in_rresp,  
      |                 ^~~~~~~~~~~~~~~~~~~~~~~~
%Warning-UNUSEDSIGNAL: /nfs/home/wanghao/nscscc2026ByCQUPT/chiplab/IP/myCPU/mycpu_top.v:348:17: Signal is not used: 'io_axi_master_r_in_rlast'
                                                                                              : ... note: In instance 'simu_top.soc.cpu.uncache2'
  348 |   input         io_axi_master_r_in_rlast,  
      |                 ^~~~~~~~~~~~~~~~~~~~~~~~
%Warning-UNUSEDSIGNAL: /nfs/home/wanghao/nscscc2026ByCQUPT/chiplab/IP/myCPU/mycpu_top.v:351:17: Signal is not used: 'io_axi_master_b_in_bid'
                                                                                              : ... note: In instance 'simu_top.soc.cpu.uncache2'
  351 |   input  [3:0]  io_axi_master_b_in_bid,  
      |                 ^~~~~~~~~~~~~~~~~~~~~~
%Warning-UNUSEDSIGNAL: /nfs/home/wanghao/nscscc2026ByCQUPT/chiplab/IP/myCPU/mycpu_top.v:352:17: Signal is not used: 'io_axi_master_b_in_bresp'
                                                                                              : ... note: In instance 'simu_top.soc.cpu.uncache2'
  352 |   input  [1:0]  io_axi_master_b_in_bresp,  
      |                 ^~~~~~~~~~~~~~~~~~~~~~~~
%Warning-UNUSEDSIGNAL: /nfs/home/wanghao/nscscc2026ByCQUPT/chiplab/IP/myCPU/mycpu_top.v:353:17: Signal is not used: 'io_axi_master_b_in_bvalid'
                                                                                              : ... note: In instance 'simu_top.soc.cpu.uncache2'
  353 |   input         io_axi_master_b_in_bvalid,  
      |                 ^~~~~~~~~~~~~~~~~~~~~~~~~
%Warning-UNUSEDSIGNAL: /nfs/home/wanghao/nscscc2026ByCQUPT/chiplab/IP/myCPU/mycpu_top.v:376:9: Signal is not used: 'cache_tag_rd_tag_en'
                                                                                             : ... note: In instance 'simu_top.soc.cpu.uncache2'
  376 |   wire  cache_tag_rd_tag_en;  
      |         ^~~~~~~~~~~~~~~~~~~
%Warning-UNUSEDSIGNAL: /nfs/home/wanghao/nscscc2026ByCQUPT/chiplab/IP/myCPU/mycpu_top.v:386:9: Signal is not used: 'cache_valid_rd_valid_en'
                                                                                             : ... note: In instance 'simu_top.soc.cpu.uncache2'
  386 |   wire  cache_valid_rd_valid_en;  
      |         ^~~~~~~~~~~~~~~~~~~~~~~
%Warning-UNUSEDSIGNAL: /nfs/home/wanghao/nscscc2026ByCQUPT/chiplab/IP/myCPU/mycpu_top.v:396:9: Signal is not used: 'cache_data_io_cpu_if_resp_data_MPORT_en'
                                                                                             : ... note: In instance 'simu_top.soc.cpu.uncache2'
  396 |   wire  cache_data_io_cpu_if_resp_data_MPORT_en;  
      |         ^~~~~~~~~~~~~~~~~~~~~~~~~~~~~~~~~~~~~~~
%Warning-UNUSEDSIGNAL: /nfs/home/wanghao/nscscc2026ByCQUPT/chiplab/IP/myCPU/mycpu_top.v:610:15: Bits of signal are not used: 'difftestInstrCommit_csr_data'[63:32]
                                                                                              : ... note: In instance 'simu_top.soc.cpu.difftest'
  610 |   wire [63:0] difftestInstrCommit_csr_data;  
      |               ^~~~~~~~~~~~~~~~~~~~~~~~~~~~
%Warning-UNUSEDSIGNAL: /nfs/home/wanghao/nscscc2026ByCQUPT/chiplab/IP/myCPU/mycpu_top.v:622:14: Bits of signal are not used: 'difftestTrapEvent_code'[7:3]
                                                                                              : ... note: In instance 'simu_top.soc.cpu.difftest'
  622 |   wire [7:0] difftestTrapEvent_code;  
      |              ^~~~~~~~~~~~~~~~~~~~~~
%Warning-UNUSEDSIGNAL: /nfs/home/wanghao/nscscc2026ByCQUPT/chiplab/IP/AMBA/axi2apb.v:96:26: Signal is not used: 'axi_s_awid'
                                                                                          : ... note: In instance 'simu_top.soc.APB_DEV.AA_axi2apb_bridge_cpu'
   96 | input  [4         -1 :0] axi_s_awid;
      |                          ^~~~~~~~~~
%Warning-UNUSEDSIGNAL: /nfs/home/wanghao/nscscc2026ByCQUPT/chiplab/IP/AMBA/axi2apb.v:97:23: Bits of signal are not used: 'axi_s_awaddr'[31:20]
                                                                                          : ... note: In instance 'simu_top.soc.APB_DEV.AA_axi2apb_bridge_cpu'
   97 | input  [32     -1 :0] axi_s_awaddr;
      |                       ^~~~~~~~~~~~
%Warning-UNUSEDSIGNAL: /nfs/home/wanghao/nscscc2026ByCQUPT/chiplab/IP/AMBA/axi2apb.v:98:23: Signal is not used: 'axi_s_awlen'
                                                                                          : ... note: In instance 'simu_top.soc.APB_DEV.AA_axi2apb_bridge_cpu'
   98 | input  [4      -1 :0] axi_s_awlen;
      |                       ^~~~~~~~~~~
%Warning-UNUSEDSIGNAL: /nfs/home/wanghao/nscscc2026ByCQUPT/chiplab/IP/AMBA/axi2apb.v:100:21: Signal is not used: 'axi_s_awburst'
                                                                                           : ... note: In instance 'simu_top.soc.APB_DEV.AA_axi2apb_bridge_cpu'
  100 | input  [2    -1 :0] axi_s_awburst;
      |                     ^~~~~~~~~~~~~
%Warning-UNUSEDSIGNAL: /nfs/home/wanghao/nscscc2026ByCQUPT/chiplab/IP/AMBA/axi2apb.v:101:22: Signal is not used: 'axi_s_awlock'
                                                                                           : ... note: In instance 'simu_top.soc.APB_DEV.AA_axi2apb_bridge_cpu'
  101 | input  [2     -1 :0] axi_s_awlock;
      |                      ^~~~~~~~~~~~
%Warning-UNUSEDSIGNAL: /nfs/home/wanghao/nscscc2026ByCQUPT/chiplab/IP/AMBA/axi2apb.v:102:21: Signal is not used: 'axi_s_awcache'
                                                                                           : ... note: In instance 'simu_top.soc.APB_DEV.AA_axi2apb_bridge_cpu'
  102 | input  [4    -1 :0] axi_s_awcache;
      |                     ^~~~~~~~~~~~~
%Warning-UNUSEDSIGNAL: /nfs/home/wanghao/nscscc2026ByCQUPT/chiplab/IP/AMBA/axi2apb.v:103:22: Signal is not used: 'axi_s_awprot'
                                                                                           : ... note: In instance 'simu_top.soc.APB_DEV.AA_axi2apb_bridge_cpu'
  103 | input  [3     -1 :0] axi_s_awprot;
      |                      ^~~~~~~~~~~~
%Warning-UNUSEDSIGNAL: /nfs/home/wanghao/nscscc2026ByCQUPT/chiplab/IP/AMBA/axi2apb.v:109:29: Signal is not used: 'axi_s_wlast'
                                                                                           : ... note: In instance 'simu_top.soc.APB_DEV.AA_axi2apb_bridge_cpu'
  109 | input                       axi_s_wlast;
      |                             ^~~~~~~~~~~
%Warning-UNUSEDSIGNAL: /nfs/home/wanghao/nscscc2026ByCQUPT/chiplab/IP/AMBA/axi2apb.v:117:23: Bits of signal are not used: 'axi_s_araddr'[31:20]
                                                                                           : ... note: In instance 'simu_top.soc.APB_DEV.AA_axi2apb_bridge_cpu'
  117 | input  [32     -1 :0] axi_s_araddr;
      |                       ^~~~~~~~~~~~
%Warning-UNUSEDSIGNAL: /nfs/home/wanghao/nscscc2026ByCQUPT/chiplab/IP/AMBA/axi2apb.v:118:23: Signal is not used: 'axi_s_arlen'
                                                                                           : ... note: In instance 'simu_top.soc.APB_DEV.AA_axi2apb_bridge_cpu'
  118 | input  [4      -1 :0] axi_s_arlen;
      |                       ^~~~~~~~~~~
%Warning-UNUSEDSIGNAL: /nfs/home/wanghao/nscscc2026ByCQUPT/chiplab/IP/AMBA/axi2apb.v:120:21: Signal is not used: 'axi_s_arburst'
                                                                                           : ... note: In instance 'simu_top.soc.APB_DEV.AA_axi2apb_bridge_cpu'
  120 | input  [2    -1 :0] axi_s_arburst;
      |                     ^~~~~~~~~~~~~
%Warning-UNUSEDSIGNAL: /nfs/home/wanghao/nscscc2026ByCQUPT/chiplab/IP/AMBA/axi2apb.v:121:22: Signal is not used: 'axi_s_arlock'
                                                                                           : ... note: In instance 'simu_top.soc.APB_DEV.AA_axi2apb_bridge_cpu'
  121 | input  [2     -1 :0] axi_s_arlock;
      |                      ^~~~~~~~~~~~
%Warning-UNUSEDSIGNAL: /nfs/home/wanghao/nscscc2026ByCQUPT/chiplab/IP/AMBA/axi2apb.v:122:21: Signal is not used: 'axi_s_arcache'
                                                                                           : ... note: In instance 'simu_top.soc.APB_DEV.AA_axi2apb_bridge_cpu'
  122 | input  [4    -1 :0] axi_s_arcache;
      |                     ^~~~~~~~~~~~~
%Warning-UNUSEDSIGNAL: /nfs/home/wanghao/nscscc2026ByCQUPT/chiplab/IP/AMBA/axi2apb.v:123:22: Signal is not used: 'axi_s_arprot'
                                                                                           : ... note: In instance 'simu_top.soc.APB_DEV.AA_axi2apb_bridge_cpu'
  123 | input  [3     -1 :0] axi_s_arprot;
      |                      ^~~~~~~~~~~~
%Warning-UNUSEDSIGNAL: /nfs/home/wanghao/nscscc2026ByCQUPT/chiplab/IP/AMBA/axi2apb.v:177:10: Bits of signal are not used: 'axi_s_rstrb'[3:2]
                                                                                           : ... note: In instance 'simu_top.soc.APB_DEV.AA_axi2apb_bridge_cpu'
  177 | reg [3:0]axi_s_rstrb;
      |          ^~~~~~~~~~~
%Warning-UNUSEDSIGNAL: /nfs/home/wanghao/nscscc2026ByCQUPT/chiplab/IP/AMBA/axi2apb.v:183:11: Signal is not used: 'apb_wr_size'
                                                                                           : ... note: In instance 'simu_top.soc.APB_DEV.AA_axi2apb_bridge_cpu'
  183 | reg [2:0] apb_wr_size;
      |           ^~~~~~~~~~~
%Warning-UNUSEDPARAM: /nfs/home/wanghao/nscscc2026ByCQUPT/chiplab/IP/APB_DEV/apb_mux2.v:84:11: Parameter is not used: 'DATA_APB_32'
                                                                                             : ... note: In instance 'simu_top.soc.APB_DEV.AA_apb_mux16'
   84 |           DATA_APB_32 = 32;
      |           ^~~~~~~~~~~
%Warning-UNUSEDSIGNAL: /nfs/home/wanghao/nscscc2026ByCQUPT/chiplab/IP/APB_DEV/URT/uart_regs.v:222:13: Signal is not used: 'rstate'
                                                                                                    : ... note: In instance 'simu_top.soc.APB_DEV.uart0.regs'
  222 | wire [3:0]  rstate;
      |             ^~~~~~
%Warning-UNUSEDSIGNAL: /nfs/home/wanghao/nscscc2026ByCQUPT/chiplab/IP/APB_DEV/URT/uart_receiver.v:64:14: Signal is not used: 'rbit_in'
                                                                                                       : ... note: In instance 'simu_top.soc.APB_DEV.uart0.regs.receiver'
   64 | reg          rbit_in;
      |              ^~~~~~~
%Warning-UNUSEDSIGNAL: /nfs/home/wanghao/nscscc2026ByCQUPT/chiplab/IP/APB_DEV/URT/uart_receiver.v:95:12: Signal is not used: 'rcounter16_eq_1'
                                                                                                       : ... note: In instance 'simu_top.soc.APB_DEV.uart0.regs.receiver'
   95 | wire       rcounter16_eq_1 = (rcounter16 == 4'd1);
      |            ^~~~~~~~~~~~~~~
%Warning-UNUSEDSIGNAL: /nfs/home/wanghao/nscscc2026ByCQUPT/chiplab/IP/APB_DEV/URT/uart_transmitter.v:43:14: Bits of signal are not used: 'lcr'[7]
                                                                                                          : ... note: In instance 'simu_top.soc.APB_DEV.uart0.regs.transmitter'
   43 | input [7:0]  lcr;
      |              ^~~
%Warning-UNUSEDSIGNAL: /nfs/home/wanghao/nscscc2026ByCQUPT/chiplab/IP/APB_DEV/URT/uart_transmitter.v:75:6: Signal is not used: 'tf_overrun'
                                                                                                         : ... note: In instance 'simu_top.soc.APB_DEV.uart0.regs.transmitter'
   75 | wire tf_overrun;
      |      ^~~~~~~~~~
%Warning-UNUSEDPARAM: /nfs/home/wanghao/nscscc2026ByCQUPT/chiplab/IP/APB_DEV/URT/uart_sync_flops.v:44:11: Parameter is not used: 'Tp'
                                                                                                        : ... note: In instance 'simu_top.soc.APB_DEV.uart0.regs.i_uart_sync_flops'
   44 | parameter Tp            = 1;
      |           ^~
%Warning-CASEX: /nfs/home/wanghao/nscscc2026ByCQUPT/chiplab/IP/APB_DEV/URT/uart_transmitter.v:242:19: Suggest casez (with ?'s) in place of casex (with X's)
  242 |                   casex ({lcr[2],lcr[1:0]})
      |                   ^~~~~
                ... For warning description see https://verilator.org/warn/CASEX?v=5.044
                ... Use "/* verilator lint_off CASEX */" and lint_on around source to disable this message.
%Warning-SYMRSVDWORD: ../testbench/simu_top.v:69:23: Symbol matches C++ keyword: 'switch'
   69 |     input      [7 :0] switch,       
      |                       ^~~~~~
                      ... For warning description see https://verilator.org/warn/SYMRSVDWORD?v=5.044
                      ... Use "/* verilator lint_off SYMRSVDWORD */" and lint_on around source to disable this message.
- V e r i l a t i o n   R e p o r t: Verilator 5.044 2026-01-01 rev v5.044
- Verilator: Built from 4.841 MB sources in 33 modules, into 1.827 MB in 14 C++ files needing 0.003 MB
- Verilator: Walltime 0.442 s (elab=0.038, cvt=0.226, bld=0.000); cpu 0.355 s on 1 threads; alloced 53.234 MB
